update_id,tx_type,effective_at,fetched_at,response_kb,request_kb,base_kb
12208b8fdbb71362d2eb78d24a0045c103abbda369cf49d59604ba84f119c4ef6707,reward_coupon,2026-04-13T08:21:13.012689Z,2026-04-13T10:17:58.296Z,6.04,0.19,6.24
12204fd83a9fa0340567dcb8a51dcb11eed55ee64313765af2f79ece3273a06b7cdf,reward_coupon,2026-04-13T08:21:14.613191Z,2026-04-13T10:17:58.337Z,7.98,0.19,8.17
12201f4905921d50dd02b7c2321710328427875cc9f7afe891db87bb9db9c720853f,reward_coupon,2026-04-13T08:21:16.074529Z,2026-04-13T10:17:58.372Z,15.70,0.19,15.89
1220da023a0a313a6c4c98ca4a39afd5b04cb5e9cd6a89040dfa8fdc5fdef7971bf6,reward_coupon,2026-04-13T08:21:16.906359Z,2026-04-13T10:17:58.382Z,5.56,0.19,5.76
12202d5675a482542eab3019fbd28a8faa7326a2965e1da5ddbccd038e4c93035c49,reward_coupon,2026-04-13T08:21:17.591654Z,2026-04-13T10:17:58.383Z,19.08,0.19,19.28
122058a774846f66903eb661561554722e364ad3159ac3eab7a30d41861c1a2c2ae1,reward_coupon,2026-04-13T08:21:18.204274Z,2026-04-13T10:17:58.386Z,18.60,0.19,18.79
1220fb4066a75e25b1791627ab597e342f3929ec98dba24ff8c25f0f08980f69cfe0,reward_coupon,2026-04-13T08:21:17.887479Z,2026-04-13T10:17:58.430Z,12.81,0.19,13.00
122049f8b9071cca6a518f860aa761bf5b116c127195583415d159ce95d793ff4aaa,reward_coupon,2026-04-13T08:21:18.237403Z,2026-04-13T10:17:58.465Z,16.67,0.19,16.86
12202916911486a1c1212dedb9e836a9faf37d02e7cc4e770c0c895e57811d1bf797,reward_coupon,2026-04-13T08:21:20.814969Z,2026-04-13T10:17:58.472Z,4.11,0.19,4.30
12209e3e76926f0f84ce51e7bec353bd3490eaf527768a398efebc8664836a35c69d,reward_coupon,2026-04-13T08:21:21.312693Z,2026-04-13T10:17:58.472Z,2.18,0.19,2.37
12209467e60541c43bb6b41240be9985bc370d1ebac2ad97e80c14f15746f4ed6f74,reward_coupon,2026-04-13T08:21:22.209977Z,2026-04-13T10:17:58.478Z,16.18,0.19,16.38
1220a58356cc467c646b924f98e86f13537b1f58c9b89acdfa6a0bfd8fe1028031ea,reward_coupon,2026-04-13T08:21:25.108026Z,2026-04-13T10:17:58.524Z,19.08,0.19,19.28
122053cf88cb6cc2e05ca56195396bc6139b593621f50fd791609f3dcb6d7f895152,reward_coupon,2026-04-13T08:21:29.861563Z,2026-04-13T10:17:58.558Z,11.84,0.19,12.03
12204a210796fe994dda324369895194d36e8b9f6a5b7dbb61a1f04e3cd594252936,reward_coupon,2026-04-13T08:21:33.197885Z,2026-04-13T10:17:58.563Z,2.18,0.19,2.37
1220bb62591c3e8c01deec0416978b04e478e83d4aa84bf5ebba9ee709423b462939,reward_coupon,2026-04-13T08:21:33.488202Z,2026-04-13T10:17:58.566Z,9.91,0.19,10.10
1220eb456e69929c18bffcf8b0eb1a729633633e5434c4c9a49e782f58e696a52bdc,reward_coupon,2026-04-13T08:21:33.737281Z,2026-04-13T10:17:58.571Z,9.42,0.19,9.62
1220a2ebf6d30b09bc7317876f8e46154691fe54bbe335b4449ed33677663e380f80,reward_coupon,2026-04-13T08:21:33.638912Z,2026-04-13T10:17:58.619Z,7.97,0.19,8.17
1220dba3ab25d301c2641cb05949d86cb061f8d1cbd1cc84fb3105f78cd44fb6eb92,reward_coupon,2026-04-13T08:21:33.935045Z,2026-04-13T10:17:58.653Z,15.22,0.19,15.41
12209c38dfa4c0d974712c751ccd4c0d1369e39716079465ed57c4d4db5c31209a96,reward_coupon,2026-04-13T08:21:34.279056Z,2026-04-13T10:17:58.657Z,7.97,0.19,8.17
12208f19d6a6b8becf432de96851f33b24ad2e2fecc8927d10c7b92f5a1c222bb256,reward_coupon,2026-04-13T08:21:35.387090Z,2026-04-13T10:17:58.657Z,3.14,0.19,3.34
1220896940614fa5428c5eb2f71b00f69afbe2b80e0f15c16155fe1c7e6e2b945eb0,reward_coupon,2026-04-13T08:21:36.240415Z,2026-04-13T10:17:58.669Z,9.91,0.19,10.10
1220198ea62e31770dcd4b0a39387b2c986b0bc5c4ea999aae6d7dc1ff74c5669823,reward_coupon,2026-04-13T08:21:36.803037Z,2026-04-13T10:17:58.711Z,2.66,0.19,2.85
12203a5359e24e5a9431fcc17eb070480c57aab8b256d0c938d9a51bf0fe194cd185,reward_coupon,2026-04-13T08:21:38.137912Z,2026-04-13T10:17:58.753Z,8.46,0.19,8.65
12204fe9bfafa318b02a92e3d4349ab904e871384b432a0b502207117db7d1ea4718,validator_reward_coupon,2026-04-13T08:21:51.441522Z,2026-04-13T10:17:58.753Z,4.98,0.19,5.17
1220d4c5a36156bb799d82b09e462f82ae7b9b45a593c218d437802a130ee4feda28,reward_coupon,2026-04-13T08:21:52.928815Z,2026-04-13T10:17:58.756Z,2.18,0.19,2.37
122011323b7eeec48bffd486f591cf2756b7f32dbc63fb9dcefdbfe118e1908bb223,reward_coupon,2026-04-13T08:25:32.188734Z,2026-04-13T10:17:59.533Z,26.27,0.19,26.46
1220e0ae6810798399b94ad7bef594b40070d934849b7a0943a0d33df2a218508e1c,reward_coupon,2026-04-13T08:25:47.259063Z,2026-04-13T10:17:59.585Z,23.90,0.19,24.09
1220a06a7710075fcbf47620fd105ef7462d415c65f185ab8818aa631cd98d4f7211,reward_coupon,2026-04-13T08:25:45.590601Z,2026-04-13T10:17:59.592Z,28.73,0.19,28.92
1220a4f01177afb6cbb6592f9753a93f86e0c02ad1f515ccd96dab01df0542f9cf94,marker,2026-04-13T08:25:26.854887Z,2026-04-13T10:17:59.603Z,953.23,0.19,953.42
12201dd48cedbfa1226bb9de35e8e18f95f271e11e78c07af7c91a5e4b3f1d29615a,reward_coupon,2026-04-13T08:25:56.963870Z,2026-04-13T10:17:59.611Z,33.08,0.19,33.27
1220caf5618c25190f8b44590f6e2225ee52b326c0cf4df03c63152cc11e3a1d56f8,reward_coupon,2026-04-13T08:26:00.560895Z,2026-04-13T10:17:59.669Z,27.76,0.19,27.95
1220a7ef2390b70b05ae6b877c160525542cd6f7f1b0271cbadd1a36c82b6dbf72e9,reward_coupon,2026-04-13T08:26:01.065912Z,2026-04-13T10:17:59.681Z,38.39,0.19,38.59
12204989428ddc4abf294a66def89e52e69fa78520f31f0b37ed620e54d414179689,reward_coupon,2026-04-13T08:26:13.461494Z,2026-04-13T10:17:59.690Z,32.10,0.19,32.29
1220e2122712f43bb673002aa517b549ef57bc240395ada923bb5d99a12989568b33,reward_coupon,2026-04-13T08:26:15.634079Z,2026-04-13T10:17:59.755Z,35.97,0.19,36.16
12205730c5e903fe9a5e3dd1e6068f7c88d19210e48b5d0f94614d5556903db654fd,reward_coupon,2026-04-13T08:26:18.134521Z,2026-04-13T10:17:59.757Z,38.39,0.19,38.59
1220cb59009fff9127d02c8f3c87b3bd61649d342732c9c881aeb303e46d9b488f6f,reward_coupon,2026-04-13T08:26:19.365072Z,2026-04-13T10:17:59.764Z,29.69,0.19,29.88
12204a3dcf79043b1eb52b32c4579326a927c7650c04f599035d31052104d289b81a,reward_coupon,2026-04-13T08:26:19.946261Z,2026-04-13T10:17:59.778Z,32.59,0.19,32.78
12204845b0a3c0ae9970b946308026b510ee48be90c71f977156afb3b2b75336ad2d,reward_coupon,2026-04-13T08:26:22.371966Z,2026-04-13T10:17:59.790Z,27.76,0.19,27.95
12209027348ec822d0ccbec64acc644b496c6b35edaecb977a57b47ebb3f7b24c664,reward_coupon,2026-04-13T08:26:45.864431Z,2026-04-13T10:17:59.863Z,31.62,0.19,31.82
122080f961bb11e05fee3fc2ec59054db6de259b730ce625c5acaaf3c26ee10d7335,reward_coupon,2026-04-13T08:26:49.470190Z,2026-04-13T10:17:59.921Z,28.24,0.19,28.43
122088d78960973477e6397cc1855c99da2f9c112bf300e3893040f98ee84911a5ad,validator_liveness,2026-04-13T08:28:27.196724Z,2026-04-13T10:18:00.262Z,3.51,0.19,3.71
12202f5a15a9e765374a426ccdffa58c049097a3cffb457bc30199f9826456137203,reward_coupon,2026-04-13T08:30:45.171133Z,2026-04-13T10:18:00.975Z,11.35,0.19,11.55
1220cf58debcde2e5920c2d5f481eeebeae8c64da5f6121e7357a20362a7cc5c2be0,reward_coupon,2026-04-13T08:30:46.758046Z,2026-04-13T10:18:00.984Z,10.40,0.19,10.59
122031fa14f339251159442a8cfc56ca0660b9ce1730a666247a65660dc0c9b76741,validator_reward_coupon,2026-04-13T08:30:50.817767Z,2026-04-13T10:18:00.985Z,4.98,0.19,5.17
122078f6f51462cfbfc9e3734f523c227475b0f050be313e9ee0c74f680f1214741f,reward_coupon,2026-04-13T08:30:53.036977Z,2026-04-13T10:18:00.987Z,8.46,0.19,8.65
1220ee53a290dad88db87880f189ab939a74bc1d5058e7fa25e965ec3b0cb0a10ffb,marker,2026-04-13T08:30:31.337458Z,2026-04-13T10:18:01.005Z,953.23,0.19,953.42
122047df7759a9dce5524017022cb8381297b9c5b39ec2bc13b19f441534ce57e156,reward_coupon,2026-04-13T08:30:54.453486Z,2026-04-13T10:18:01.084Z,7.49,0.19,7.68
12204b6082c67c81ce7e74519ab375177b69e68fd7089a54a0380001ab3b442a89f7,reward_coupon,2026-04-13T08:30:58.117414Z,2026-04-13T10:18:01.084Z,10.88,0.19,11.07
1220a1897378c8d8ab982337bac21213dc2b6defe52a39fdef427ececa6427c6ac22,reward_coupon,2026-04-13T08:30:58.238414Z,2026-04-13T10:18:01.100Z,13.29,0.19,13.48
1220aa77d3128b00bba60534a629eb29022e1d411eccb22aade7f4356a8e6d98f19f,reward_coupon,2026-04-13T08:30:58.554701Z,2026-04-13T10:18:01.107Z,10.39,0.19,10.58
1220ca8c5cb3035e36822728fc5866d35c570af4d2e99d4a576d4a58c8ac1e0b0e12,reward_coupon,2026-04-13T08:30:57.555106Z,2026-04-13T10:18:01.109Z,14.74,0.19,14.93
1220ed28f6774afad22d9715d30b61222aa19df007293853820a3cb7dbf5add01408,reward_coupon,2026-04-13T08:31:00.471707Z,2026-04-13T10:18:01.176Z,13.29,0.19,13.48
1220b1275b9ab00a63dfa133e7f006f8dbd9b91d7b315109ec81d263b5d73ac04dec,reward_coupon,2026-04-13T08:31:01.461586Z,2026-04-13T10:18:01.182Z,12.81,0.19,13.00
1220c3cb3fd2afe71aae5de1a8b800617861e07c553c10e07cd907180f61c7e292b9,reward_coupon,2026-04-13T08:31:01.577925Z,2026-04-13T10:18:01.193Z,8.46,0.19,8.65
12204c1a5a052867fb2d06410a2b0aed371495386e9421e4ac421b559a3719bedff6,reward_coupon,2026-04-13T08:31:03.439082Z,2026-04-13T10:18:01.199Z,10.87,0.19,11.07
1220c766e1a274ce1dbade1e0164e565780b26a1b12f93a154f34aa677e360915498,reward_coupon,2026-04-13T08:31:03.116368Z,2026-04-13T10:18:01.200Z,15.71,0.19,15.90
12203258525c00c6c2757a54d10e4f80ae61a5d1dac7ec69464d5cc403ebe376ddf7,reward_coupon,2026-04-13T08:31:03.720956Z,2026-04-13T10:18:01.272Z,13.29,0.19,13.48
122015c0214957d0a9517b627b75972108074d55cc9f7c92cc9fa46e78f9e9fae3e8,reward_coupon,2026-04-13T08:31:04.546670Z,2026-04-13T10:18:01.276Z,12.81,0.19,13.00
12201f373f6c7019fd2fee6acbe6a21f248715905e43896875fa1ea2e8ac06e45050,reward_coupon,2026-04-13T08:31:05.957207Z,2026-04-13T10:18:01.286Z,11.35,0.19,11.54
1220a65f91e1c33ad17b06704ce319876af8b8adce6d328fcde9f1b05ba6c7f33676,reward_coupon,2026-04-13T08:31:10.708227Z,2026-04-13T10:18:01.294Z,10.88,0.19,11.07
122098990d6d9dadf31c244b0e524db279aeaf1fe8b30443a0f882b9a9dec4776472,reward_coupon,2026-04-13T08:31:07.075560Z,2026-04-13T10:18:01.297Z,17.15,0.19,17.35
1220af959f69bc74e09af7eac489bea49f85ff4e8a39367f6c0ab77ef8ccb2774cd7,reward_coupon,2026-04-13T08:31:10.979451Z,2026-04-13T10:18:01.365Z,12.33,0.19,12.52
12200e68073982b0102b14f135f8bc7f493eb7b74c0f389489397a5ff4a4341aee5f,reward_coupon,2026-04-13T08:31:11.265005Z,2026-04-13T10:18:01.377Z,27.75,0.19,27.95
1220be8fbdad5053861d87932798f53c1c66efe6707c7552ba83eb25c3873f0b3b2f,reward_coupon,2026-04-13T08:31:13.133200Z,2026-04-13T10:18:01.380Z,12.80,0.19,13.00
1220e02493e55e4ac1ff6c8fce01f0cad24781ccd7469281eb2c9e8548a9d5ac9326,reward_coupon,2026-04-13T08:31:16.650231Z,2026-04-13T10:18:01.392Z,26.79,0.19,26.98
12203eb4dc846418608b85f63a972da2eca0fd47fc8dd55360278fe4a5c121c156c1,reward_coupon,2026-04-13T08:31:17.378898Z,2026-04-13T10:18:01.434Z,30.17,0.19,30.36
12202496a807d3a814cdb8ee47eb7d64a2827e1d99cb66ce8a608c009bf3933e8cf1,reward_coupon,2026-04-13T08:31:18.600109Z,2026-04-13T10:18:01.459Z,7.00,0.19,7.20
12207f1ace74a821637d17456c8b02ef9aa4165d0060e67c72a0199c9aba458a69e9,reward_coupon,2026-04-13T08:31:23.415823Z,2026-04-13T10:18:01.472Z,40.32,0.19,40.52
1220d49561d0eb5a4c68a0c50b7b114784d903fec3319ca246f60b441301b4aba9c0,reward_coupon,2026-04-13T08:31:26.748689Z,2026-04-13T10:18:01.473Z,27.75,0.19,27.95
1220880e51e4c49e149fd4c79ee12e2f9c66ea02552303499ce0a5d3ee3c2e3f00ed,reward_coupon,2026-04-13T08:31:26.861388Z,2026-04-13T10:18:01.486Z,4.11,0.19,4.30
1220ae0eebec4a6b0392066fd42b19dca6cbdb24149e20bc4455ab00d6cd748ba723,reward_coupon,2026-04-13T08:31:30.572095Z,2026-04-13T10:18:01.527Z,2.18,0.19,2.37
1220bd1cfef4ce0c4b8cdf76f52c3ae7941cb5211cc945ad666509136a7335dc83e0,reward_coupon,2026-04-13T08:31:55.519593Z,2026-04-13T10:18:01.555Z,30.65,0.19,30.85
1220771efe14e42ae7eb9bc7157fc4488d6a35e0002a3fa7c93b83360b67a344686c,reward_coupon,2026-04-13T08:35:14.091832Z,2026-04-13T10:18:02.072Z,16.34,0.19,16.53
12203f3b4bf03062bae6c4a24c479a892844985cac8c24a2e034f49e37d231e5029d,reward_coupon,2026-04-13T08:35:44.503834Z,2026-04-13T10:18:02.372Z,32.11,0.19,32.30
12206b86a0913afb15e4ae4fe88173d05d19b5da7fefd0d6d72dc883f7dcc166644c,reward_coupon,2026-04-13T08:35:58.252850Z,2026-04-13T10:18:02.431Z,28.72,0.19,28.92
1220eedcf4ec2c25c5e7161ad0eb236b21574748d878b5b818a2d968f78317d19bea,marker,2026-04-13T08:35:35.991994Z,2026-04-13T10:18:02.439Z,912.79,0.19,912.98
122044b8f5a81b00419235084ad5f0149476a3108aa4911124bf98de0fcf857afb44,reward_coupon,2026-04-13T08:35:58.464640Z,2026-04-13T10:18:02.442Z,26.79,0.19,26.99
1220dc1b098cefbd105be87f831184c661a44f2de9274d03af61beff1c5f4aaa9f9e,reward_coupon,2026-04-13T08:36:05.539848Z,2026-04-13T10:18:02.452Z,29.69,0.19,29.89
12207d8cb7bc29f42d15c7988f5203f536f7f26e8f1fc21c31a28846e3d426cf76d3,reward_coupon,2026-04-13T08:36:12.150045Z,2026-04-13T10:18:02.517Z,29.21,0.19,29.40
122002b3dffb7fbcaa4522126af1537844b08b8911e6a83af45a47f89da8bee70535,reward_coupon,2026-04-13T08:36:13.697063Z,2026-04-13T10:18:02.525Z,26.79,0.19,26.98
1220848eee86de26638afed01d753bdb59fc365d6827bba989871dff57165dd6c9b3,reward_coupon,2026-04-13T08:36:17.112662Z,2026-04-13T10:18:02.536Z,28.73,0.19,28.92
12209a634917bf8eaee31eede22d75bb82000c6ba3d0aa294b8f6b387f246e177fee,reward_coupon,2026-04-13T08:36:17.504074Z,2026-04-13T10:18:02.570Z,32.11,0.19,32.30
12202c8852c527a51a3c2357e658b715aeca28cc766e2250442fe219d006ed6fb3db,reward_coupon,2026-04-13T08:36:21.041243Z,2026-04-13T10:18:02.573Z,26.79,0.19,26.98
122041da554cafae91245fd2c7cb8c975ebc1e9a3a6686872fbf536fdab5bad0f6dc,reward_coupon,2026-04-13T08:36:21.403636Z,2026-04-13T10:18:02.617Z,32.58,0.19,32.78
12203e6c12b970303de24fee1d7de6ba614b71f9c84fbf0e6752cdb5a14eace71d11,reward_coupon,2026-04-13T08:36:27.111736Z,2026-04-13T10:18:02.626Z,29.69,0.19,29.88
122058eee615233cd03793bdce66d06214e321abf302084f5f29bbd7f8400b3bbf6f,reward_coupon,2026-04-13T08:36:29.923729Z,2026-04-13T10:18:02.631Z,32.10,0.19,32.30
12205cd1cc51da40e49466ca1fe0fdaadf2526fbdfe146de9f1501d95b4d2ff53bcc,reward_coupon,2026-04-13T08:36:55.489391Z,2026-04-13T10:18:02.670Z,36.45,0.19,36.65
12207df270610844b00e94281ee6cb7826a3fad1809e666f3b3f61aca7a80d0d7b69,validator_liveness,2026-04-13T08:37:28.592559Z,2026-04-13T10:18:02.800Z,3.51,0.19,3.71
122035c0aa448fafea7d949eb7c1ea718d223bf86e44277072c816a4b1643715fc84,validator_reward_coupon,2026-04-13T08:40:24.458243Z,2026-04-13T10:18:03.517Z,4.98,0.19,5.17
122028da7b79767f8090f3666bb6b1b6508ae9f7791d91bfeb633fca45a97a898c63,reward_coupon,2026-04-13T08:41:06.490702Z,2026-04-13T10:18:03.870Z,11.84,0.19,12.03
12205ae5c084aae5d199595a8c996deabd50ca3a96168e8548e1bccf7713f67d54c6,marker,2026-04-13T08:40:41.517257Z,2026-04-13T10:18:03.888Z,912.79,0.19,912.98
12204659e97e37c5c7bd249b46315f101260187a424a0ecfe4d7cdab8f11a9b32039,reward_coupon,2026-04-13T08:41:04.943690Z,2026-04-13T10:18:03.902Z,14.74,0.19,14.93
1220d3cceb424d511b33178b0d167183d9ba5d178f819c89bcc77e5ca57cadbe740b,reward_coupon,2026-04-13T08:41:12.992319Z,2026-04-13T10:18:03.952Z,13.29,0.19,13.48
122046e26e808514ad13bd3932dd6910bb9aca139e6d2bb4a5a0502181a925051e84,reward_coupon,2026-04-13T08:41:13.434705Z,2026-04-13T10:18:03.961Z,13.77,0.19,13.96
1220444bb7da52566d13e5506a44f29ba8458e527541cfd34e780a808a5b727f15b2,reward_coupon,2026-04-13T08:41:13.764655Z,2026-04-13T10:18:03.963Z,18.12,0.19,18.32
1220784759148c4cc55d175c623ea6b7da0c5c4c4eba581f6dcc0044ed76f78b5afd,reward_coupon,2026-04-13T08:41:15.142263Z,2026-04-13T10:18:03.999Z,12.80,0.19,13.00
1220c0213e3c1877ce116215df214bfbdf170dea03b9de6d7c4fc63f93f867d29c13,reward_coupon,2026-04-13T08:41:14.029279Z,2026-04-13T10:18:04.020Z,15.22,0.19,15.41
1220da8afefd8f7e3ca609ee0d782017261452917fcb409f413088c05b44b53f7e58,reward_coupon,2026-04-13T08:41:15.558959Z,2026-04-13T10:18:04.047Z,15.70,0.19,15.89
1220428e3999fa60888502b8abbf5f7512a8eff1de318d1a2904c548db734fe2d90c,reward_coupon,2026-04-13T08:41:16.480461Z,2026-04-13T10:18:04.056Z,13.77,0.19,13.97
1220f96e0be70c86e79522646dfe0918d60d3464517f5b5013570f8a174526033cab,reward_coupon,2026-04-13T08:41:24.052202Z,2026-04-13T10:18:04.056Z,32.10,0.19,32.29
12205a9096e183edb8ebce56660287d35253c0db63a6c0d948a7a2a431d7b4454cb9,reward_coupon,2026-04-13T08:41:26.866482Z,2026-04-13T10:18:04.091Z,3.14,0.19,3.34
122009ed07a9023e87bae3b15f58a53e1eae6ea07d7ad6876c3285bec76138fa73e9,reward_coupon,2026-04-13T08:41:27.576351Z,2026-04-13T10:18:04.123Z,14.74,0.19,14.94
1220a9d8c14327f7d18c60c7cce38d2516cddde6729fb94ba91b785d05312da8b0af,reward_coupon,2026-04-13T08:41:27.794180Z,2026-04-13T10:18:04.149Z,14.25,0.19,14.45
1220f6beae86ff20889efe3da3fb76f80fd63ec531b1ec855b071f44bc34ab3cc165,reward_coupon,2026-04-13T08:41:29.136576Z,2026-04-13T10:18:04.156Z,6.04,0.19,6.23
122039f97a824b53556aad6e9a3310063a45b1af31b04247170fa12e93275db47e2b,reward_coupon,2026-04-13T08:41:28.270907Z,2026-04-13T10:18:04.162Z,18.60,0.19,18.79
122038ec22277e10bbcd33f1eee183bc922187ef3366bb6d0fbdd44dcab43ec84ac1,reward_coupon,2026-04-13T08:41:33.681209Z,2026-04-13T10:18:04.216Z,30.66,0.19,30.86
122038c07a4983dd8931ff3ebb1fc2fef73803e306b05b818f1b4915bcb83be5ab66,reward_coupon,2026-04-13T08:41:34.299586Z,2026-04-13T10:18:04.266Z,26.30,0.19,26.50
12201067efcc056104044c3c923ba35a6807439c34f7575d0598b28f8ef6b0377d0b,reward_coupon,2026-04-13T08:41:40.747659Z,2026-04-13T10:18:04.267Z,17.15,0.19,17.34
1220d05441c21c9186873ea50fd44895dd5be04e205f387613f01eeb259f0a30d6e0,reward_coupon,2026-04-13T08:41:47.306007Z,2026-04-13T10:18:04.303Z,32.10,0.19,32.30
12207cbf29b600b8a3a8b55ee65be654c6770494310b4dd75c80c2ed5ca096411b01,reward_coupon,2026-04-13T08:41:47.893830Z,2026-04-13T10:18:04.309Z,2.18,0.19,2.37
1220bd413eae3cf4a49d2f0f57cbe8d892665a8cc4a5d1c615d5b671449a8aaf21c1,reward_coupon,2026-04-13T08:41:41.367241Z,2026-04-13T10:18:04.329Z,34.52,0.19,34.71
1220234a9e083bb9f68f806bd55ba7b188b884fa7908b30dbf1735e9d963a3af7cfb,reward_coupon,2026-04-13T08:41:52.861882Z,2026-04-13T10:18:04.362Z,14.74,0.19,14.93
122061d6592138d7383c3ec718aab022deab8a092c4ad495c287fec32d12a416138d,reward_coupon,2026-04-13T08:45:35.454120Z,2026-04-13T10:18:05.149Z,13.77,0.19,13.96
1220c6f21c6aeb5829e7b95453f94f8fdb5cef442c883f1b405f669abcc134ba65a3,reward_coupon,2026-04-13T08:45:44.079791Z,2026-04-13T10:18:05.203Z,11.36,0.19,11.55
12205e60b5fe9cec025cecbea9e120474738f457860e4e106c17ca6c6afd1286defe,validator_liveness,2026-04-13T08:45:57.907687Z,2026-04-13T10:18:05.386Z,3.51,0.19,3.71
1220a81448c319d32d667a64bd58d3260b087ff85d16b73fa247ef172b826ef2584a,reward_coupon,2026-04-13T08:46:01.713094Z,2026-04-13T10:18:05.419Z,31.14,0.19,31.34
122098507a02706c3381ea9dd774d211c2031d2c800c32247a13b707c4bcba9f3c20,marker,2026-04-13T08:45:46.386259Z,2026-04-13T10:18:05.475Z,860.45,0.19,860.65
1220e1d8508034e51612d654e5d827aa3d868a629920b490397543dcf48e88b24f05,reward_coupon,2026-04-13T08:46:10.562685Z,2026-04-13T10:18:05.479Z,11.36,0.19,11.55
1220b4d0cea43e73bfa133b6a7dd044eb8da7d1ef484dc8a5d7a7aa7529ec80513c2,reward_coupon,2026-04-13T08:46:08.722277Z,2026-04-13T10:18:05.483Z,31.14,0.19,31.33
1220a46fc9cfecde0788118f7072434c6a640c0f59cafbc445ae33cb4737a33bc261,reward_coupon,2026-04-13T08:46:08.920797Z,2026-04-13T10:18:05.483Z,26.31,0.19,26.51
1220cdc64220b325abaca59dbe75af6714a6fd734dded77e425c81e3f7a39b317806,reward_coupon,2026-04-13T08:46:16.211657Z,2026-04-13T10:18:05.550Z,25.83,0.19,26.02
1220f9bd735ad076768f8c0f0570d4223eab163cd4fc0a4ad356c7d24f15cdb640b1,reward_coupon,2026-04-13T08:46:28.994254Z,2026-04-13T10:18:05.587Z,22.92,0.19,23.11
1220a7c3993f1cc601a78bb72d7da690f67d35eaffd8153132949e4a645340c8ac74,reward_coupon,2026-04-13T08:46:23.569587Z,2026-04-13T10:18:05.589Z,30.66,0.19,30.85
1220b882f845bfc72e502c161881f4e4eabee0c4873cd4ee96e75d98968ee63f54f6,reward_coupon,2026-04-13T08:46:36.916008Z,2026-04-13T10:18:05.589Z,33.55,0.19,33.75
12204503b025fbbefc0cdca5bc6816118754ff20afb373d4e57089c390f089b0d932,reward_coupon,2026-04-13T08:46:34.071011Z,2026-04-13T10:18:05.591Z,24.85,0.19,25.04
1220e1d73d98b7c09a5819fb17423aa83b1860b2019b58d6bf3bf0aa5e883eecbb2b,reward_coupon,2026-04-13T08:46:41.613925Z,2026-04-13T10:18:05.645Z,35.97,0.19,36.16
12208015df1b9c8a114adebfcfd50e038469437fa28ec0866d9dfc59f977cdf60b67,reward_coupon,2026-04-13T08:46:44.975016Z,2026-04-13T10:18:05.683Z,28.64,0.19,28.84
122039431d33cbd947daabb7075be8d41e89e8d25bc55b013f1b0f0f3ec093bce794,reward_coupon,2026-04-13T08:46:57.767071Z,2026-04-13T10:18:05.708Z,21.96,0.19,22.15
1220f63f6344a6a0643971840dd9238b5bacbf9776fbff56b9a1c61882c9df2227b5,reward_coupon,2026-04-13T08:46:59.506757Z,2026-04-13T10:18:05.709Z,29.69,0.19,29.88
1220253b22e62eaba5ac7b428e950bd8a5b941bf4d755dd37da93fc129ceaf1615e5,reward_coupon,2026-04-13T08:47:01.409449Z,2026-04-13T10:18:05.763Z,28.24,0.19,28.43
12205054e8f9a5588722ff1897e5ee07803971c78a765da65dde278300e20abd9d11,reward_coupon,2026-04-13T08:47:35.906813Z,2026-04-13T10:18:05.899Z,28.25,0.19,28.44
12206be3ff5ec9f9ae1642c6f57ee4dd2dc66b5000c948514dd94ab6bf1d2241327c,validator_reward_coupon,2026-04-13T08:49:02.630826Z,2026-04-13T10:18:06.259Z,4.98,0.19,5.17
12208dd1476030c325a4b65c820ad39e7228d309ad642aac8cff9ec1c62f5183e293,reward_coupon,2026-04-13T08:51:00.480292Z,2026-04-13T10:18:06.941Z,11.36,0.19,11.55
1220351cbf3b94b0c758098c1311621bc19e4409600af260f3387c1f9f0a005f0189,reward_coupon,2026-04-13T08:50:56.400545Z,2026-04-13T10:18:06.941Z,11.84,0.19,12.03
1220f84e4bba6a07c0c099751ca9600408365db1099a89082f11b6a5ea1c2fde1e13,reward_coupon,2026-04-13T08:51:01.617389Z,2026-04-13T10:18:06.944Z,11.35,0.19,11.55
1220f8e3c03c1a4adaa8890be880574e27f67a36eaed73fb014d1651edf8843b595c,reward_coupon,2026-04-13T08:51:02.104936Z,2026-04-13T10:18:06.949Z,10.87,0.19,11.06
1220ebe62fa87323518da63b8927468127789bf6d6814f7eda54b421e04d24670af5,reward_coupon,2026-04-13T08:51:05.446318Z,2026-04-13T10:18:07.046Z,12.80,0.19,13.00
12202809eb434232c223220f4499a4b1a6cc99917b201f051ffc55e4746d9fa820e3,reward_coupon,2026-04-13T08:51:12.870071Z,2026-04-13T10:18:07.047Z,14.25,0.19,14.45
1220a153b0a11d1588b7d7086c68d4490303fa82c498e8a0d713af4f1b989e3bb985,reward_coupon,2026-04-13T08:51:02.872697Z,2026-04-13T10:18:07.047Z,13.29,0.19,13.48
122032171d7b1b3fd847335479d26495e27a486f301ec6434b73806512f209984e8b,reward_coupon,2026-04-13T08:51:10.590497Z,2026-04-13T10:18:07.048Z,14.25,0.19,14.45
12209bd1a1c1ff50405f9951d20da693a7b98cd9d15a5fa118faf16b14814317448d,marker,2026-04-13T08:50:51.041092Z,2026-04-13T10:18:07.067Z,953.23,0.19,953.42
122096d2eee211e0dafb97c29015daae4c68c23fe68c9da0c0c88450df0e1ed3bbbc,reward_coupon,2026-04-13T08:51:14.187498Z,2026-04-13T10:18:07.148Z,10.88,0.19,11.07
122020c0d7ea136a1ddd3fc958b1a0ae3dfb8db86d9b0865f150c31e77fdec2179b9,reward_coupon,2026-04-13T08:51:15.477904Z,2026-04-13T10:18:07.149Z,10.39,0.19,10.58
1220ba3109e7725661e36e385bff32ba31aee45ef5754aafd923df9c0d9a8e9fd4ac,reward_coupon,2026-04-13T08:51:16.150309Z,2026-04-13T10:18:07.150Z,14.73,0.19,14.93
122081b4ce7f9f6d91772bc557718412b9bec460c42b4b908b941568d269bed88f97,reward_coupon,2026-04-13T08:51:13.375174Z,2026-04-13T10:18:07.150Z,15.70,0.19,15.90
1220dd133bfdbbf444db568b88b024acfed2bb83ff7d568993d289c236cd50bc97ad,reward_coupon,2026-04-13T08:51:16.223899Z,2026-04-13T10:18:07.167Z,7.97,0.19,8.17
1220ac4c91f72ada7f0c2f3a07c51d61ab22e34f472322591d2d8757d97001729a8e,reward_coupon,2026-04-13T08:51:22.137291Z,2026-04-13T10:18:07.246Z,11.84,0.19,12.04
12202e0883e8737d775e1b3bff7c35f13339f78811aaae89cb218cef631609d29abc,reward_coupon,2026-04-13T08:51:21.169636Z,2026-04-13T10:18:07.249Z,13.77,0.19,13.97
12201af28182b7b73903f2afd909e08dfd7fb2dc7f8c405357fadac396472e7107b4,reward_coupon,2026-04-13T08:51:20.589854Z,2026-04-13T10:18:07.251Z,13.29,0.19,13.48
1220872b180d133cb7d0a809b031e8e88d25b0d8d34be60baeb0888431a2eb5cf2b0,reward_coupon,2026-04-13T08:51:18.436755Z,2026-04-13T10:18:07.251Z,12.80,0.19,13.00
122092e6a4812848b7c1ab21adea84058aa17deab905a8297971507719e6b3accbdd,reward_coupon,2026-04-13T08:51:23.082491Z,2026-04-13T10:18:07.261Z,11.35,0.19,11.55
122072a1cb70d5e58877be2d7670fa46065a622e1de06a211d13a764c402c6405bf9,reward_coupon,2026-04-13T08:51:24.702066Z,2026-04-13T10:18:07.341Z,11.83,0.19,12.03
1220bd38097332a077b01e87123b5a1b94b91ebfd40cdeee84b39485ad18aafcefd9,reward_coupon,2026-04-13T08:51:28.561414Z,2026-04-13T10:18:07.341Z,12.80,0.19,13.00
12201d39b4123dbcecd9f8feae9c5c6760cd7c176fab32d2b59831dc90199483dc7b,reward_coupon,2026-04-13T08:51:26.501560Z,2026-04-13T10:18:07.345Z,14.73,0.19,14.93
1220d3acce8e14665d2084ddb5083e79f235af8fea167caa9b2eedcf5cb547db2275,reward_coupon,2026-04-13T08:51:29.312021Z,2026-04-13T10:18:07.346Z,12.81,0.19,13.00
122096f27292e5a57ecdb15132b1601772a66c554a1daa54c15466646d61793f3681,reward_coupon,2026-04-13T08:51:30.946538Z,2026-04-13T10:18:07.355Z,13.77,0.19,13.97
122015fc8ef69f0a434b9aea213e1dd8cb9865f4f123917b11f6d3b6469d1122bcfe,reward_coupon,2026-04-13T08:51:32.923006Z,2026-04-13T10:18:07.435Z,8.94,0.19,9.13
12205523c537c7c7dd8a47a2ee941f72c9d5a9261e9e40422325cc02f30c3f0d1722,reward_coupon,2026-04-13T08:51:32.878816Z,2026-04-13T10:18:07.436Z,8.45,0.19,8.65
122011f5a661adcacc73e0577f0f1cc63f44f707409e223662ac19b2c139de4f82f5,reward_coupon,2026-04-13T08:51:38.809360Z,2026-04-13T10:18:07.437Z,7.97,0.19,8.16
12205032d23aca6876a52afa5b9a6328bbee26eb8a47eb042105b2d5451b400d9239,reward_coupon,2026-04-13T08:51:38.554928Z,2026-04-13T10:18:07.438Z,16.18,0.19,16.38
1220bb3cdf5e51ded10c42ba88c9dfabc9f28f0676c77fdee4b243edf946040a3f7f,reward_coupon,2026-04-13T08:51:39.652962Z,2026-04-13T10:18:07.451Z,12.32,0.19,12.52
122015d10e50c706d1a70600463e56309921e672d4d2331aa6860ead1e7b8a362d3e,reward_coupon,2026-04-13T08:51:47.744934Z,2026-04-13T10:18:07.528Z,13.77,0.19,13.96
1220c31792831096aab399e0cc3f1f59860f69a11da6ee21991c47b9bad69840e369,reward_coupon,2026-04-13T08:51:45.711698Z,2026-04-13T10:18:07.529Z,16.18,0.19,16.38
12201b0e0e713c314ca97aa6c7982779a499173be54d24f61dcb8e7daeb782f951d6,reward_coupon,2026-04-13T08:51:48.994416Z,2026-04-13T10:18:07.530Z,6.52,0.19,6.71
122031cf6b9642a8b06a52c448e8dcfd5d6ccf8fb3b6f97c6ee5724470baa9b44a4b,reward_coupon,2026-04-13T08:51:46.989137Z,2026-04-13T10:18:07.530Z,7.97,0.19,8.16
1220b887ea5f21ebb93cfefcfa3774deec9ee9569f2e7321f9e65036722d42ff49c1,reward_coupon,2026-04-13T08:51:49.737592Z,2026-04-13T10:18:07.544Z,11.84,0.19,12.03
122047eebcc19d60f71236595005d2e1ca2f210f777ee9eb3c938cb503a0ee989315,reward_coupon,2026-04-13T08:51:52.878689Z,2026-04-13T10:18:07.620Z,8.45,0.19,8.65
12204c897f698f9aba409c8d8537a4692af413f1b4cded5bf16add095f818a12185b,reward_coupon,2026-04-13T08:51:54.537643Z,2026-04-13T10:18:07.621Z,5.07,0.19,5.27
1220ebb72b86154c10b1889bfee9a33019eac5a04e20bfb950bbea94f7e4f4c52b7e,reward_coupon,2026-04-13T08:51:55.453254Z,2026-04-13T10:18:07.621Z,12.31,0.19,12.51
1220e81d61abf11e6915e19d0d849623229f1e1c0ac3c73161a89287774ed9c023e4,reward_coupon,2026-04-13T08:51:56.087498Z,2026-04-13T10:18:07.623Z,9.90,0.19,10.09
1220bebe5bfb65911f5201df457e961c0395b160f74220e09b2cb3af34741a642ca1,reward_coupon,2026-04-13T08:51:56.554955Z,2026-04-13T10:18:07.636Z,8.94,0.19,9.13
12202ef0712962a765f679557b4502210c0ab9859d015b7aadd22ba255e2a3a0f3e9,reward_coupon,2026-04-13T08:52:10.038900Z,2026-04-13T10:18:07.715Z,8.94,0.19,9.13
122054b9f7f490ae9d429d02ece457aad52cae540d48b487bea1b3b4414ec58bb528,reward_coupon,2026-04-13T08:56:11.185144Z,2026-04-13T10:18:08.652Z,22.95,0.19,23.15
122031d159ab10c13e725350316f240cbd4d2a7d76f89a82f1183ec75e4a510852ad,reward_coupon,2026-04-13T08:56:19.585159Z,2026-04-13T10:18:08.702Z,33.55,0.19,33.75
122004e8d9832d6603457cda332ee79916c5607b032eedf2905172747d05a516966a,reward_coupon,2026-04-13T08:56:25.317400Z,2026-04-13T10:18:08.727Z,25.82,0.19,26.01
12209a1b61588c12b45ccada0dbb35bc998db515f2dfc025fdf45d26d76750a1213a,reward_coupon,2026-04-13T08:56:31.217332Z,2026-04-13T10:18:08.748Z,31.14,0.19,31.33
1220be4ad1d1901a780381f75b901bacfa1c1e5c537e301f4336b7290502a3f67f0e,reward_coupon,2026-04-13T08:56:25.884093Z,2026-04-13T10:18:08.758Z,28.24,0.19,28.43
122010ed46f02dbca32d6b5ce100a39e8b337fa8fbdd517331ff439c1764bdf15ec5,marker,2026-04-13T08:55:56.289119Z,2026-04-13T10:18:08.778Z,953.23,0.19,953.42
1220158657bc873272dc6134ef64bed8cbd888c24dba75436120c8fe5b318edd89cd,reward_coupon,2026-04-13T08:56:39.363962Z,2026-04-13T10:18:08.803Z,38.38,0.19,38.58
12202bf8cb84d71fdbaa40b7810392e65f050ded17450d1c9e8a0b293f30aee269a8,reward_coupon,2026-04-13T08:56:39.596934Z,2026-04-13T10:18:08.828Z,30.17,0.19,30.37
1220304782d9752f9bb51981e5b1ed6c2ae147fa52163da9f2e1ebb65e2adbd5a462,reward_coupon,2026-04-13T08:56:42.620517Z,2026-04-13T10:18:08.852Z,35.49,0.19,35.68
12204c5b242f2d64944faf0e10b46ebd12ef6f179476d84662c3d1b64dd62ac19de4,reward_coupon,2026-04-13T08:56:47.029736Z,2026-04-13T10:18:08.867Z,31.14,0.19,31.33
122085322a1f3c57296adc8b1618f9a443fba3705dca49df929d90cfeb9f52da6b64,reward_coupon,2026-04-13T08:56:56.881546Z,2026-04-13T10:18:08.878Z,35.97,0.19,36.16
12205101fd84a22d1b2cf6e53e902207d1b99a749e7d5938c8bb53211ff5b02f843e,reward_coupon,2026-04-13T08:56:58.921620Z,2026-04-13T10:18:08.925Z,27.75,0.19,27.95
122045f016be096ff7e4d542ea55b2f13b541080f7da6519c60009d159fa0a896a64,reward_coupon,2026-04-13T08:57:07.457864Z,2026-04-13T10:18:08.925Z,25.82,0.19,26.01
122041567eb31f8b091e3c84c99da6a98657fbacbca006ba9ff63e72e2efe321a8d3,reward_coupon,2026-04-13T08:57:09.763960Z,2026-04-13T10:18:08.989Z,33.07,0.19,33.27
12200da18209286f69801f9ac7f9ec8f033d5957fa66409c0fc08d5282dec9cb64a2,reward_coupon,2026-04-13T08:57:15.780613Z,2026-04-13T10:18:08.999Z,31.62,0.19,31.81
1220ce9aee5d50562920d19f4d07f1ec961cf3919da5ff98960a78cb9f9ae6060656,validator_liveness,2026-04-13T08:58:09.278663Z,2026-04-13T10:18:09.229Z,3.51,0.19,3.71
12201d9d02c0a76188f175bae467123930331c9b6e66bf60759010e7cc27df415a15,validator_reward_coupon,2026-04-13T08:58:09.242141Z,2026-04-13T10:18:09.230Z,4.98,0.19,5.17
1220731412ccd85b2512f1138cdadc720ba58414ad128dd6c0c42d518800a1295dd3,reward_coupon,2026-04-13T09:01:25.009827Z,2026-04-13T10:18:10.077Z,12.32,0.19,12.51
12206bf87156fbe45eaa71f34fcbf31418a7409675da87153f3935d9465207aa38ea,reward_coupon,2026-04-13T09:01:23.499344Z,2026-04-13T10:18:10.112Z,29.69,0.19,29.88
122082678338bfccaf31671f615b17532aa5ace291e039c64cae37c0196c99e77a56,reward_coupon,2026-04-13T09:01:36.067374Z,2026-04-13T10:18:10.145Z,9.42,0.19,9.62
1220a2427fa8e94ac26da659de195d6aa8effe1a1292319a8285c9e5e312a932ad9d,marker,2026-04-13T09:01:02.588131Z,2026-04-13T10:18:10.173Z,902.08,0.19,902.28
1220cb46c68665f574357b2e55a72e33350b04c0a0bc0a08cb9c7229725cbf8e634b,reward_coupon,2026-04-13T09:01:27.586498Z,2026-04-13T10:18:10.176Z,34.04,0.19,34.23
12205ec1a3a8627bde71c7683cbd2ed3c497dfc4324aa0df07ec4901dd6b1ae922c0,reward_coupon,2026-04-13T09:01:36.647679Z,2026-04-13T10:18:10.199Z,17.15,0.19,17.34
1220496db1d2857f64b7e4da43372ffadbf07f68347aed3969e89d8aaec27a569e54,reward_coupon,2026-04-13T09:01:37.999793Z,2026-04-13T10:18:10.228Z,18.12,0.19,18.31
1220a7c263022694fccbfe01794398981bf821bdff45d82822d1d8c51cb31d13080a,reward_coupon,2026-04-13T09:01:38.452154Z,2026-04-13T10:18:10.243Z,16.67,0.19,16.86
1220ef4e0bfc892c90dae12e5090d94b424de6fe7f300d4c3578be3e377d39552bfe,reward_coupon,2026-04-13T09:01:41.919650Z,2026-04-13T10:18:10.269Z,17.63,0.19,17.83
122009af9d6590697d3184e1e40e867c39a7413aee82be60737826f47ffd52833843,reward_coupon,2026-04-13T09:01:39.218272Z,2026-04-13T10:18:10.270Z,15.70,0.19,15.90
1220aba52f8d0d5aba5ffe7b37543f87316c198002f71338068cf7078c490c888044,reward_coupon,2026-04-13T09:01:41.862649Z,2026-04-13T10:18:10.297Z,15.70,0.19,15.90
1220521d48e6d499bae9409facf45197cbba92f8ffb4ea01bc882639ee81a6d239c5,reward_coupon,2026-04-13T09:01:42.487777Z,2026-04-13T10:18:10.323Z,13.29,0.19,13.48
12201f8f9f3a2df6aab26e9a5f969a9085b9d769b7717593150c7df830d109d4bebf,reward_coupon,2026-04-13T09:01:44.754625Z,2026-04-13T10:18:10.334Z,16.18,0.19,16.38
12208defd0daa4ba2dcac4d8907bb7faf0a18c9f2b5223773233a669a55fab8479e9,reward_coupon,2026-04-13T09:01:47.381284Z,2026-04-13T10:18:10.362Z,14.25,0.19,14.45
1220d85ad15d8050b467abc9c538c7f2c9085d2aa5bd44510ffea12c135a405a72fd,reward_coupon,2026-04-13T09:01:51.676926Z,2026-04-13T10:18:10.363Z,13.77,0.19,13.97
1220ba3a83eba7768e1bb4dc2789bce6b53735a888618865abe2efbabb74d31f4c1f,reward_coupon,2026-04-13T09:01:53.276378Z,2026-04-13T10:18:10.392Z,21.50,0.19,21.69
1220345c69f9c2ae526e6ff0988fd29816b8a8fc13be3a71548db9d4fe1390eccf17,reward_coupon,2026-04-13T09:01:53.319120Z,2026-04-13T10:18:10.413Z,14.25,0.19,14.45
12203044062dfb368d86b030aed273860d2c0342e614a2adc15fdc2b686c25b93184,reward_coupon,2026-04-13T09:01:56.515798Z,2026-04-13T10:18:10.424Z,11.83,0.19,12.03
1220cc6bae2d89ecebbfe60f3fcf5b873af42d67c9ea8d8267223f6ef5a18ea69f3a,reward_coupon,2026-04-13T09:02:01.453653Z,2026-04-13T10:18:10.455Z,18.59,0.19,18.79
1220171aab87ea91288700a06455d8ad0c49e9bd41ae7a7e81ef8a7d65e6743520a6,reward_coupon,2026-04-13T09:02:02.999061Z,2026-04-13T10:18:10.455Z,18.60,0.19,18.79
122085c8a5ab55fa471342b1e2fc4fee373b711fc2c4ea6427e73374950781be58af,reward_coupon,2026-04-13T09:02:02.699185Z,2026-04-13T10:18:10.483Z,8.94,0.19,9.14
122072ed64da23a6002598f8f95fa87dca7f64e03f31af9868b1a2053648d757c882,reward_coupon,2026-04-13T09:02:04.148532Z,2026-04-13T10:18:10.506Z,16.19,0.19,16.38
12200f1fb8eec0f4b0e0a4e777095e78918ab6ef9b7a4b8979327fd2443defeb4779,reward_coupon,2026-04-13T09:02:08.185897Z,2026-04-13T10:18:10.516Z,2.18,0.19,2.37
12204e16195499965111fe52f8ff46e4dbd86c2f74e700092deb65b570702e01a502,reward_coupon,2026-04-13T09:02:09.189054Z,2026-04-13T10:18:10.545Z,3.14,0.19,3.34
122094ea3a6218786c43a89373fd4a3a5245e7260393c6d371ec44ade12545333b31,reward_coupon,2026-04-13T09:02:12.814965Z,2026-04-13T10:18:10.547Z,17.15,0.19,17.34
12200f89d7cf13d784af13556c98340e96d52ff2580f6df8bda84ff7ef3614c8749e,reward_coupon,2026-04-13T09:02:16.000876Z,2026-04-13T10:18:10.579Z,17.63,0.19,17.83
12208617e8ef85db952b76d8cceeb6a29327c0a0fcc7a7d49b963676bc0d9ca8267e,reward_coupon,2026-04-13T09:02:16.207730Z,2026-04-13T10:18:10.599Z,2.66,0.19,2.85
12209c9672be0b43c3d8be8cd41cfa415dd6645196ef9e9f021a838cc89f07c3e5a1,reward_coupon,2026-04-13T09:02:20.770329Z,2026-04-13T10:18:10.608Z,2.66,0.19,2.85
1220530769c27dddf1272727f176eb7e190bf8345595745f87e97f1f94b051aa9828,reward_coupon,2026-04-13T09:02:22.461453Z,2026-04-13T10:18:10.638Z,13.28,0.19,13.47
12205f2d7b379f1c221695fe545fc613e65eed3884ece523227b36df90b03be28e49,reward_coupon,2026-04-13T09:02:39.775662Z,2026-04-13T10:18:10.638Z,2.18,0.19,2.37
1220ee0371b11d16e7c44c05280f9766daaf64d698342bd9c782ae2e4f8ae3a74947,reward_coupon,2026-04-13T09:06:09.424814Z,2026-04-13T10:18:11.439Z,19.64,0.19,19.84
1220870ecab4f5c596b298566fb96e48e92f7b321acabcbde0d4210e6673a6098dc3,reward_coupon,2026-04-13T09:06:29.201840Z,2026-04-13T10:18:11.542Z,35.97,0.19,36.16
122009294e89c07f17cb1e97d337bed32f416504a4db40f97c9ef16ddaf841a3de3a,reward_coupon,2026-04-13T09:06:29.608665Z,2026-04-13T10:18:11.555Z,35.00,0.19,35.20
1220f17d2cefb66de5a98fb4801d91a8070878083dd748b466ccf1e65c4fc1c55230,marker,2026-04-13T09:06:07.835561Z,2026-04-13T10:18:11.580Z,902.08,0.19,902.28
1220ff10f883ba2cdf343d970f798455ebe3fc51dc6be44b6d0c60c56b8c2238e31c,reward_coupon,2026-04-13T09:06:42.971858Z,2026-04-13T10:18:11.589Z,29.20,0.19,29.40
1220b9e54a47fa606f41a01aaa500d1b799e7243dd0c0cddb02b1863fedbbbbb055f,reward_coupon,2026-04-13T09:06:37.105878Z,2026-04-13T10:18:11.617Z,27.27,0.19,27.46
1220c4de2ddfcb23d5fb0af5670d59d4631ac1800b1b201cde149f883958bf090588,reward_coupon,2026-04-13T09:06:45.119886Z,2026-04-13T10:18:11.639Z,29.20,0.19,29.40
12209c5aef54e9e865d199daccdc595a1774c11c659c6a2edec9de87d1d6a2e1abe2,validator_reward_coupon,2026-04-13T09:07:04.026073Z,2026-04-13T10:18:11.699Z,4.98,0.19,5.17
12203b6602f537f2e0a0d5600b4d367f97aa503baf7671ecae41d74ec2aa70461858,reward_coupon,2026-04-13T09:07:05.658367Z,2026-04-13T10:18:11.711Z,26.78,0.19,26.98
12203f3cac85d15a2dc5686429e847fa423c6f390a0d26f85c26322a61adb9ca2807,reward_coupon,2026-04-13T09:07:05.595501Z,2026-04-13T10:18:11.711Z,28.24,0.19,28.43
1220dd76dbf681dcbd788b7c12fcd301a3b4e1900ce58e3a50515b75925fb78b1e5b,reward_coupon,2026-04-13T09:07:06.661418Z,2026-04-13T10:18:11.713Z,27.75,0.19,27.95
1220c62d6aff6442541d00f5a44592ecc4d30359d600200c755c08286863af372468,reward_coupon,2026-04-13T09:07:10.426299Z,2026-04-13T10:18:11.794Z,26.79,0.19,26.98
1220e871e29e12dd6a3f6be32a2aadb5762506ec3c78b2d250f1e1d6871d7b34f6ea,reward_coupon,2026-04-13T09:07:09.758584Z,2026-04-13T10:18:11.802Z,30.65,0.19,30.85
12203f8d43daa1164b5b458012355286edc73784da938fea94f199f12b1dc732868e,reward_coupon,2026-04-13T09:07:27.699276Z,2026-04-13T10:18:11.809Z,28.24,0.19,28.43
122027d3202065e0a01ec69e7b1425236e9b3f7563d0ae660a1f0ce508dec9508ad9,reward_coupon,2026-04-13T09:07:20.885980Z,2026-04-13T10:18:11.810Z,26.30,0.19,26.49
1220e174a4636a8e313c9b14ef8dc7768c8a9b63bbce7d6d66645c94775197b38bf9,reward_coupon,2026-04-13T09:08:01.989451Z,2026-04-13T10:18:11.932Z,35.98,0.19,36.17
122038271b3f6e941ff2cec69a32fc4da2371117227cd0fd0d742bc29adea7996dfd,validator_liveness,2026-04-13T09:08:42.172056Z,2026-04-13T10:18:12.124Z,3.51,0.19,3.71
12205b68f3f1352c0749ebc0fd0f1447526cc6532cb84ea95c8d25a8a2d7d4e2729d,reward_coupon,2026-04-13T09:11:36.660926Z,2026-04-13T10:18:12.972Z,10.87,0.19,11.06
12209adf32bcccf2318dc2d04da05dd157adb3162d6bab4d04415859a59db1032b2c,reward_coupon,2026-04-13T09:11:36.506384Z,2026-04-13T10:18:12.980Z,11.36,0.19,11.55
12202c37ae60d6f3abef0cd222707c7beb2162aedc0006a70e33c7fa489410a9b9e8,reward_coupon,2026-04-13T09:11:39.493777Z,2026-04-13T10:18:13.005Z,14.73,0.19,14.93
122016dcf2f41b1f934a93b63b61b72165e3e7c51a04b131447e64b1a654053faf4a,reward_coupon,2026-04-13T09:11:40.641056Z,2026-04-13T10:18:13.013Z,29.20,0.19,29.40
1220f99028fb2a8f04fbf55ccf5ff53a60ccf65d30d6480b5fe9277553a1fc46a249,marker,2026-04-13T09:11:13.171865Z,2026-04-13T10:18:13.019Z,923.49,0.19,923.69
12203543bbaf7943906965178942d40de4b678257fe46320696dbcbbdab8f1b89df8,reward_coupon,2026-04-13T09:11:44.135652Z,2026-04-13T10:18:13.064Z,6.04,0.19,6.24
1220bbdf0e3584f8b977cc19d70dea3d5205236d047aa86fd22f978c43ed1da90252,reward_coupon,2026-04-13T09:11:44.292134Z,2026-04-13T10:18:13.074Z,13.29,0.19,13.48
12208f78dfef739ea4993f2132819924bd9543adecc5f5324ed50e799ae3b8416240,reward_coupon,2026-04-13T09:11:47.441019Z,2026-04-13T10:18:13.103Z,10.39,0.19,10.59
1220e7cd5155e4bdeeb428aed6dfe4091302a907418e0784520a510559cb4bfbf05b,reward_coupon,2026-04-13T09:11:49.182377Z,2026-04-13T10:18:13.108Z,14.26,0.19,14.45
12204f44a44d6dae110166c7dc1e855003c9425e6dbba7d45b9e9a4d2d17ee556b47,reward_coupon,2026-04-13T09:11:49.542498Z,2026-04-13T10:18:13.115Z,12.80,0.19,13.00
122079a7d77eeadf177435cebb8b35a14b97ceab3e04ab81d5f0dba77ad69bde2549,reward_coupon,2026-04-13T09:11:53.261701Z,2026-04-13T10:18:13.163Z,26.30,0.19,26.50
1220c8814bc2e302c6c5239188608a3ccb9466295b95d3841fb52845f7657a513156,reward_coupon,2026-04-13T09:11:53.768260Z,2026-04-13T10:18:13.169Z,19.08,0.19,19.28
12205aba61387f79e1e9da82a34046260b3c09222ec4878ac6d89887253760d3cc7e,reward_coupon,2026-04-13T09:11:53.705228Z,2026-04-13T10:18:13.196Z,14.25,0.19,14.45
12209a024a92cb7598db0689bc20c2ab9d7d124253f2209fba8187269abab728aba6,reward_coupon,2026-04-13T09:11:55.151068Z,2026-04-13T10:18:13.201Z,6.52,0.19,6.71
1220861ff2e136878866dddb2e1e395e92be846a458c01d3e052fcec033a6ff34740,reward_coupon,2026-04-13T09:11:56.924317Z,2026-04-13T10:18:13.210Z,15.22,0.19,15.42
1220c29fb4eac9edaed5c55b2a41560c6d49b7342896da6f37f4f889dded8b6ea941,reward_coupon,2026-04-13T09:11:57.248377Z,2026-04-13T10:18:13.256Z,10.87,0.19,11.06
12200ad44ebb84b1a93adabdf4b63a9e3c6eece745b3bffa480fb07bd3c31cfb6c06,reward_coupon,2026-04-13T09:11:57.302945Z,2026-04-13T10:18:13.263Z,7.97,0.19,8.16
12206e8039e7bfbd483d68c839b20bd12b24a25db38ecc4bfa661ae8766554deed61,reward_coupon,2026-04-13T09:11:58.546990Z,2026-04-13T10:18:13.289Z,7.49,0.19,7.68
12203383de53d95fb7b61d1fb99e6adc58e6f14edd8f89f4e3d16461625bb25ff6c5,reward_coupon,2026-04-13T09:12:01.036636Z,2026-04-13T10:18:13.294Z,11.84,0.19,12.03
1220f92a2c9a9168c52a5069ad466fb0c58b03d34122be07d93478f10794c32e6be3,reward_coupon,2026-04-13T09:12:01.791629Z,2026-04-13T10:18:13.303Z,15.22,0.19,15.41
1220cd2846d09e533c2dec5dcfdf4f82c30cc96bd3df99bf4026edbab4a2927ddc8d,reward_coupon,2026-04-13T09:12:04.143076Z,2026-04-13T10:18:13.350Z,12.80,0.19,13.00
1220e1e776236e0ab39c6dbe83c0663f6f1f0445d7c6d642a27ae25daa7f7ddab509,reward_coupon,2026-04-13T09:12:05.541639Z,2026-04-13T10:18:13.357Z,13.29,0.19,13.48
1220ff1894e44201a3632066a84331235be04273aca719bfc35a6335c407a8c42f0b,reward_coupon,2026-04-13T09:12:05.938851Z,2026-04-13T10:18:13.383Z,11.35,0.19,11.55
12204056749394b74a6624b4cfca82784592d3e4610638a248775bd2ff3bd9e67a00,reward_coupon,2026-04-13T09:12:06.985621Z,2026-04-13T10:18:13.385Z,12.81,0.19,13.00
1220c166a73139aa134c1385b2c3d4ce0ea708c9095e99444998ad35e90696f6d2d4,reward_coupon,2026-04-13T09:12:07.050780Z,2026-04-13T10:18:13.397Z,16.67,0.19,16.86
12200db4b18f28567e24ae661e25588ab17a7f33e7ecdfc5e1f0bd1f30de8979edb0,reward_coupon,2026-04-13T09:12:07.258140Z,2026-04-13T10:18:13.451Z,13.77,0.19,13.97
12207fc4678b64a863be9bafe046beeb759c9176717266d73c4ff3cf2c9f39aae701,reward_coupon,2026-04-13T09:12:09.583483Z,2026-04-13T10:18:13.460Z,8.45,0.19,8.65
1220c74fffd85d44ea6bedaad6a97d2ad0df0c7374a6551253f803ff775c89220f8c,reward_coupon,2026-04-13T09:12:09.823597Z,2026-04-13T10:18:13.477Z,9.90,0.19,10.10
12202c38bb46f012c316bc923dafb96acc61b1a9e717951d73d7effca02ab22be053,reward_coupon,2026-04-13T09:12:11.075979Z,2026-04-13T10:18:13.477Z,11.35,0.19,11.54
122047d926d7fa417f8f8910f3e0c55b3f9dcc01c91c9ea9e68e5f54ecf0afe01045,reward_coupon,2026-04-13T09:12:11.937780Z,2026-04-13T10:18:13.489Z,6.53,0.19,6.72
1220e0900d350ff41f0a1ff93f66a31a28e7f7cfec5616d322a4e7ae1bb2cdc514e4,reward_coupon,2026-04-13T09:12:13.557224Z,2026-04-13T10:18:13.544Z,11.83,0.19,12.03
1220c14c57e16b7135c77c2267384c5501b43d145a113d8ab7bf8a15e8e2aa33fd63,reward_coupon,2026-04-13T09:12:17.683253Z,2026-04-13T10:18:13.551Z,11.36,0.19,11.55
1220026cc45240e5261a3a50ce6506abc0656f877a4684d7c4f7f479dfd3a0d072f8,reward_coupon,2026-04-13T09:12:20.159902Z,2026-04-13T10:18:13.567Z,5.07,0.19,5.27
12208facb4d3749d653fb6a42ed1c1b1899b619363cdee3d3018e5ecb823653344ca,reward_coupon,2026-04-13T09:13:01.126210Z,2026-04-13T10:18:13.569Z,9.91,0.19,10.10
122010db794d7e1dd46e263aa4d25ac729a44ce78de0355661c1031f349f4f47a710,reward_coupon,2026-04-13T09:13:03.888781Z,2026-04-13T10:18:13.581Z,9.43,0.19,9.62
1220c37410784a20b194c72c87c4f7fea5c1c2a8bd2eac4e6119cea32291fed999f0,reward_coupon,2026-04-13T09:13:19.507590Z,2026-04-13T10:18:13.636Z,11.35,0.19,11.54
1220c993d0c5ffa41a942ae1ef2d2b494e51d4f3d7911cd6a4573909d9bcb9a4005f,reward_coupon,2026-04-13T09:15:21.713762Z,2026-04-13T10:18:13.977Z,29.11,0.19,29.30
12208812ae7cbaa4ae4c0cecd279e786ad65014ce1b415c393cd235bb8e01dbb0bce,validator_reward_coupon,2026-04-13T09:16:11.814664Z,2026-04-13T10:18:14.276Z,4.98,0.19,5.17
1220886298a43b803b7ff9f77bb0df5fa8f4ba8105fd1ba56df2fe3fea020b5d6fc0,reward_coupon,2026-04-13T09:16:32.394630Z,2026-04-13T10:18:14.388Z,32.10,0.19,32.30
122033bf4bc8f50173ac6417550a5717ec706cb4b7a922f273091c298d3aba7a1bcc,reward_coupon,2026-04-13T09:16:35.840503Z,2026-04-13T10:18:14.425Z,27.75,0.19,27.95
1220d85c4587fdb3261a4ed6bc3120a1551ec9661e06b0f6caaa391a7214e422dfad,reward_coupon,2026-04-13T09:17:00.767858Z,2026-04-13T10:18:14.490Z,35.00,0.19,35.20
1220b28b486ab943c894e44bca1599559e3fd01776a1d05419626f01b77cb1afaa99,marker,2026-04-13T09:16:18.300569Z,2026-04-13T10:18:14.556Z,923.49,0.19,923.69
1220ebc542a4d51800f436c31757797ca9c1bec82834d37b17cb5fca09a706106e29,reward_coupon,2026-04-13T09:17:03.810703Z,2026-04-13T10:18:14.571Z,26.79,0.19,26.98
1220c467730c55ad040fe662c0927b2ff845de95484f3519d652a4d851387831a0eb,reward_coupon,2026-04-13T09:17:05.731857Z,2026-04-13T10:18:14.603Z,33.55,0.19,33.75
122000d75451bbc25e10b73ea44df8361e06b0ce906ffe0a458798225373860f6ff6,reward_coupon,2026-04-13T09:17:09.046399Z,2026-04-13T10:18:14.607Z,29.68,0.19,29.88
1220f55c0a92194cfed86b8d376727d3ef68cd27563ecd025bef9c2ca072dd96fdea,reward_coupon,2026-04-13T09:17:11.142823Z,2026-04-13T10:18:14.615Z,30.65,0.19,30.85
12206d2748e4ed2b101b187c706e81a7569f0919a39e3a667a4b0be1d4f5575fca7c,reward_coupon,2026-04-13T09:17:11.614863Z,2026-04-13T10:18:14.654Z,36.46,0.19,36.65
12204c43c59deea754997fa0349923a19667e872f6cea9b77ee9d3e95291a08d65f1,reward_coupon,2026-04-13T09:17:19.747354Z,2026-04-13T10:18:14.667Z,29.20,0.19,29.40
1220c3cfd4a4379c3ea3c94a7a3ad6096338746e19016d117e2b7ec74cf26d8ac6fe,reward_coupon,2026-04-13T09:17:23.741107Z,2026-04-13T10:18:14.698Z,31.13,0.19,31.33
1220b99820bc9f4bbe573b59c8f00f7a22428d9cdc98b2b25bfdc29ec5532709b3d3,reward_coupon,2026-04-13T09:17:25.332906Z,2026-04-13T10:18:14.700Z,32.58,0.19,32.78
122025afc4bd83631663a04b19c4802b10b7d7e6469ef3e8d345d1005b9d11bfaa13,reward_coupon,2026-04-13T09:17:32.618035Z,2026-04-13T10:18:14.709Z,28.72,0.19,28.91
1220595b5092e0a2646e5a538b14f0b97f64b5023d144d06fa3da3f28f26d7cf126e,reward_coupon,2026-04-13T09:22:04.020004Z,2026-04-13T10:18:15.896Z,31.14,0.19,31.33
1220f87a5e050b79f64f51d088ac474beab41b50ce5eb50ce1029ab7f11b6e165523,reward_coupon,2026-04-13T09:22:05.496372Z,2026-04-13T10:18:15.914Z,26.30,0.19,26.50
1220079629247fdf4ad95042bec6de3f0cd02a982b7bf75177b6720da228988e0acb,reward_coupon,2026-04-13T09:22:05.934253Z,2026-04-13T10:18:15.917Z,35.97,0.19,36.16
1220fc8de6760bcc89995073f415d6471c94a37b298dd6626e2d5b64365cc3961503,reward_coupon,2026-04-13T09:22:05.767827Z,2026-04-13T10:18:15.918Z,33.07,0.19,33.27
1220d4efeb96e9633c19efa9b4e1d933a0728bbb1e98a8fd4c31ad1656b8aa702cdc,marker,2026-04-13T09:21:23.103558Z,2026-04-13T10:18:15.975Z,898.51,0.19,898.71
12206ce54272d263f107b46dbc0c3ccbc22226a043a7673f1052c6a344ee76f4c076,reward_coupon,2026-04-13T09:22:15.917496Z,2026-04-13T10:18:15.990Z,2.66,0.19,2.85
12205c0b93ff04aac259e374206c06ab8ad98950a20b0be8a1a4535889572563228a,reward_coupon,2026-04-13T09:22:16.855567Z,2026-04-13T10:18:16.005Z,3.14,0.19,3.34
12207b30bbbf924837ac29ce2e5eefb8ef4021e811f48386b8ac98b1acd4cbc15742,reward_coupon,2026-04-13T09:22:18.377892Z,2026-04-13T10:18:16.010Z,13.77,0.19,13.96
122001cbc10c8e8e7c172726f4cfd409b8fa10c6416c66905e1d117044913d931db5,reward_coupon,2026-04-13T09:22:25.975134Z,2026-04-13T10:18:16.011Z,27.75,0.19,27.95
1220898a77792b7e319cda95c80c081bef4e3daa07be7dc8ead32ab75231be637898,reward_coupon,2026-04-13T09:22:26.628048Z,2026-04-13T10:18:16.072Z,13.29,0.19,13.49
12200f713fec2899b18f54e61e520ab10797ca6c1fd387c6337910629087597b7b2c,reward_coupon,2026-04-13T09:22:27.898225Z,2026-04-13T10:18:16.089Z,32.10,0.19,32.29
1220fbee36d77161037bd582e9b0c024162ec76069fab420940b966266c5b0c8f035,reward_coupon,2026-04-13T09:22:30.210525Z,2026-04-13T10:18:16.098Z,13.29,0.19,13.48
12209fce83fa320acce02321e8eda02238a47d08daec1a66d87b2ad368292046810c,reward_coupon,2026-04-13T09:22:31.729792Z,2026-04-13T10:18:16.103Z,15.70,0.19,15.90
1220cc7897e1175cde0b44cbd0a137ad171e9703a3ad57ae606b5327ea78ad63d63c,reward_coupon,2026-04-13T09:22:31.461169Z,2026-04-13T10:18:16.103Z,14.74,0.19,14.93
122081e4445261d2af8b3dd173a156c3c643645eb8c84857cf5fff902e79d29ebb6a,reward_coupon,2026-04-13T09:22:33.076208Z,2026-04-13T10:18:16.181Z,15.22,0.19,15.41
12203b0a116b7d7f59f2480db86a7b8e7420cf8d5c95ebe90755b50b818441f4a994,reward_coupon,2026-04-13T09:22:33.123127Z,2026-04-13T10:18:16.184Z,17.14,0.19,17.34
1220a47502b490fcd6172bb9829c05ea0abf9c3d1a03b87321bccc5fd986f7c749f0,validator_liveness,2026-04-13T09:23:28.927434Z,2026-04-13T10:18:16.199Z,3.51,0.19,3.71
12209e1da4cdffbe5f52da9405f5f0107ff62548df14f3b0cf545e7508ba3ad4e433,reward_coupon,2026-04-13T09:22:39.974379Z,2026-04-13T10:18:16.199Z,11.83,0.19,12.03
12203765dc1492a53564c22ead2d3f7e03ccc94c5fdb96ef964b4f436da1bcd1cb9b,reward_coupon,2026-04-13T09:22:36.196606Z,2026-04-13T10:18:16.200Z,30.17,0.19,30.36
1220e5ee843317c60ad093da4fef024b3d43e5b545ef263f5a8b9082c0b8423365ae,reward_coupon,2026-04-13T09:25:49.910898Z,2026-04-13T10:18:16.810Z,25.81,0.19,26.00
1220433b97000878a8abe4b112ba3e289307f9fb46466af655445b1dd2d3c4548f67,reward_coupon,2026-04-13T09:25:54.449978Z,2026-04-13T10:18:16.870Z,12.80,0.19,13.00
1220eb7124e853a76b7f9af0ad59d52bc35a6d125cd543164ebb82913c44284c3aff,reward_coupon,2026-04-13T09:26:07.867246Z,2026-04-13T10:18:16.922Z,11.84,0.19,12.03
12200eb90cd9b8d8b9b10adf83d14ed4fda04e6c286318fb8550fa98a4d655cf39b2,reward_coupon,2026-04-13T09:26:34.179609Z,2026-04-13T10:18:17.165Z,7.97,0.19,8.16
12206d357444ff976613f36967e849b8c5087179263167c3757ef3d298db99952fbf,reward_coupon,2026-04-13T09:26:40.135692Z,2026-04-13T10:18:17.200Z,31.62,0.19,31.81
122021942b6c4695ebb827a0ea035088836f2b9977ad0ae3be577edc3d2aec2dc2c3,reward_coupon,2026-04-13T09:26:42.819468Z,2026-04-13T10:18:17.203Z,29.22,0.19,29.41
12202f26de2cb6040b94bc762a4dd4ba1a5bdbf576a09627bd59b939cb4d7f96d177,reward_coupon,2026-04-13T09:26:43.762805Z,2026-04-13T10:18:17.270Z,26.79,0.19,26.98
1220124add6aa832c130a053b4a28853026d6bb6b3d8ac2e07948112a8d2d125cf56,marker,2026-04-13T09:26:27.631569Z,2026-04-13T10:18:17.277Z,898.51,0.19,898.71
12204731a08de46724beec0e8fccafebb70fcbd660776aebc88b8f5e5cfd3b9f76fa,reward_coupon,2026-04-13T09:27:05.790620Z,2026-04-13T10:18:17.338Z,28.72,0.19,28.91
1220d31a66a2d6538fb9b726b8d519d3450ffee0f1b38d4e6f00db2cada322984d39,reward_coupon,2026-04-13T09:27:11.561660Z,2026-04-13T10:18:17.348Z,21.96,0.19,22.15
122009170de1ab00811df721f30700f308501c4704e9137ebf1cec947a8635e2c0e9,reward_coupon,2026-04-13T09:27:07.042396Z,2026-04-13T10:18:17.355Z,32.10,0.19,32.29
122049e51a17bc0f25df1c275554e3e6e98767014f9b47a6d7403fa3e3dfe0813167,reward_coupon,2026-04-13T09:27:11.561381Z,2026-04-13T10:18:17.363Z,25.82,0.19,26.01
12204f9f514faf095dcc6531ff36fab6aedf620774ec1ef10b0d073107ce802e0099,reward_coupon,2026-04-13T09:27:18.349277Z,2026-04-13T10:18:17.406Z,34.52,0.19,34.71
12208437eb880756d72851e4a058fcae56451c64491fa49f6c119ae1da982c299a29,reward_coupon,2026-04-13T09:27:24.351178Z,2026-04-13T10:18:17.433Z,30.65,0.19,30.85
1220e274b01ff3632a819c48076f53a36e2a37f9ba721014e81a70da8fdac3bd7d0a,reward_coupon,2026-04-13T09:27:31.279251Z,2026-04-13T10:18:17.442Z,29.20,0.19,29.39
1220c96045d08763a35356b9da48e401fd20207c69bec93cff31897e105637e3e00f,reward_coupon,2026-04-13T09:27:41.941071Z,2026-04-13T10:18:17.448Z,28.72,0.19,28.91
122011da23cedac98bc43ac4781b33719c275058a1993f64acfb0b3247c66b14df22,reward_coupon,2026-04-13T09:27:49.827346Z,2026-04-13T10:18:17.512Z,37.91,0.19,38.10
122096ee87733576bd0f3788624b81e0cedf3e6a6346195bf44cbe3e9fae5e97b88f,validator_liveness,2026-04-13T09:31:28.200743Z,2026-04-13T10:18:18.487Z,3.51,0.19,3.71
1220dabd5f1099c7f088a962acbdae32b44f59186e533e52095a73f490b3056e15c6,reward_coupon,2026-04-13T09:31:46.439607Z,2026-04-13T10:18:18.578Z,16.67,0.19,16.87
1220ef1e64fb0073dcfa7274dbbbf735e30f39adace965a66b79c3db0d9f26482f35,reward_coupon,2026-04-13T09:31:50.531075Z,2026-04-13T10:18:18.589Z,5.07,0.19,5.27
1220802fd6803e5a736a3766de11500244cf53808e1503eb622ac5ec491a24ed5abc,reward_coupon,2026-04-13T09:31:49.131619Z,2026-04-13T10:18:18.619Z,16.19,0.19,16.38
1220abede318e065b9e9209acbc56a0618e7708f98f6a8a2fbc1c1604dab170276e5,reward_coupon,2026-04-13T09:31:55.832932Z,2026-04-13T10:18:18.627Z,17.63,0.19,17.83
1220524e35dbb710f96858f4e9e91c39c9abcd620ba017009ad24db734257550670a,reward_coupon,2026-04-13T09:31:55.784828Z,2026-04-13T10:18:18.672Z,11.84,0.19,12.04
12200b96689bd73fdacbef9d9a989a7726b31a978d1c2833d1a7ef60aed70699e706,reward_coupon,2026-04-13T09:31:56.375786Z,2026-04-13T10:18:18.687Z,12.32,0.19,12.51
122032b3939bb9856da9fd7e1b1e1885215e9b8d1a657a8265f95665a7f34d6ffb7e,reward_coupon,2026-04-13T09:31:56.838988Z,2026-04-13T10:18:18.713Z,11.84,0.19,12.04
122011b0f3b3b6b6b8f38e3adc93fd3c77aa6d451cb833a67b0e3b59ae783539ad09,marker,2026-04-13T09:31:33.355263Z,2026-04-13T10:18:18.730Z,852.13,0.19,852.32
1220f075ff201043efe33f7cbd4580b4fd4e50b24976d42f3c782c8b1468e69015a8,reward_coupon,2026-04-13T09:31:57.090978Z,2026-04-13T10:18:18.734Z,12.81,0.19,13.00
122026e7cad6b94378848efdcc553748c04ed6b9caa7763bc781f02a92b498e61ef2,reward_coupon,2026-04-13T09:32:02.750388Z,2026-04-13T10:18:18.765Z,13.29,0.19,13.48
12204263ef36ec38aaeb137244e064fa6b08df0f2d5c0d74453789343f573842b108,reward_coupon,2026-04-13T09:32:05.559164Z,2026-04-13T10:18:18.777Z,4.59,0.19,4.78
122062e6741abd3e6b1e28a393806225dd2c04d863d5ac51791c16230ef8a0e6a03a,reward_coupon,2026-04-13T09:32:05.618617Z,2026-04-13T10:18:18.810Z,8.46,0.19,8.65
1220671d0edcd36a800929a78887c47d543673cd9967f9909062439606dd76b93dce,reward_coupon,2026-04-13T09:32:06.405935Z,2026-04-13T10:18:18.832Z,11.84,0.19,12.04
122006353a108eae35e2649485b174d608ae73a819e7cca6bd027d3544b92f390511,reward_coupon,2026-04-13T09:32:07.127231Z,2026-04-13T10:18:18.834Z,13.77,0.19,13.96
1220bd434766bfa95edf39ea10c49448d50f504c94894bf4dd9bd55bf7dd7bd24517,reward_coupon,2026-04-13T09:32:07.287211Z,2026-04-13T10:18:18.859Z,8.94,0.19,9.14
1220a0c1e65b8c20ab3ebac1b8000d1a561398a12e84525d11bafd73bdbf0fbf7c0a,reward_coupon,2026-04-13T09:32:08.219364Z,2026-04-13T10:18:18.869Z,3.14,0.19,3.34
12208c7b1511347cb32f4aa76c11661298ffc8517f971b20eff478b9a0bfb95119d4,reward_coupon,2026-04-13T09:32:10.685205Z,2026-04-13T10:18:18.905Z,6.53,0.19,6.72
122074ac37c113aa3f56957346f3b9b1889f79b5acb1f2c55a6e67f4ddde4328d0c1,reward_coupon,2026-04-13T09:32:11.744078Z,2026-04-13T10:18:18.923Z,2.18,0.19,2.37
12201a7d25f3d7d9482d2907c6ea9aa1fb593be92e78fe1d96539b82bf492fa8f7fa,reward_coupon,2026-04-13T09:32:11.881015Z,2026-04-13T10:18:18.930Z,12.80,0.19,12.99
1220372adaaca81eb4422e81236f8be2ab04ce301fcebed2dd8cf6f7527cf914bd30,reward_coupon,2026-04-13T09:32:12.132224Z,2026-04-13T10:18:18.955Z,3.63,0.19,3.82
1220b5ef1213ee1f3a68d67e88da484e1ad7794f8087079adec156e67e3941058ff8,reward_coupon,2026-04-13T09:32:13.573009Z,2026-04-13T10:18:18.962Z,10.38,0.19,10.58
122001200a1a2baeb6b0974c72cb7d836ebbdb9c70286297919213a1692801b01b78,reward_coupon,2026-04-13T09:32:13.524257Z,2026-04-13T10:18:19.000Z,25.83,0.19,26.02
1220c9b4ec02d45401765d75f1604a88dd3c5ab78cd0f54e386f5a36e1ebef30729d,reward_coupon,2026-04-13T09:32:14.195323Z,2026-04-13T10:18:19.029Z,11.36,0.19,11.55
122071aa79eacab792205ffa74f1e706933b084a1e7c40bc7595fc0ec7d8edf3fc6b,reward_coupon,2026-04-13T09:32:14.556188Z,2026-04-13T10:18:19.030Z,10.87,0.19,11.07
122015565cafc4a6c1448a1076eb9b44ee845742e5f2dca7cf9f53aa1cf4dae2ce10,reward_coupon,2026-04-13T09:32:15.079744Z,2026-04-13T10:18:19.058Z,7.00,0.19,7.20
12207e583dd59c8eb41c50139bb169f4be7b418cb1b68a19d0254a09d71eafb7d6f0,reward_coupon,2026-04-13T09:32:16.096789Z,2026-04-13T10:18:19.058Z,11.35,0.19,11.55
1220f6969995f8d337833ee504e0b81362e9e1ab60689ba0c2599b4fd8a687d71e1d,reward_coupon,2026-04-13T09:32:18.275110Z,2026-04-13T10:18:19.096Z,7.49,0.19,7.69
1220494bbeed2ee072819a0a2f7e4943b7912b428ed1de80c8d7db7868c40ea2f3e6,reward_coupon,2026-04-13T09:32:19.869750Z,2026-04-13T10:18:19.123Z,3.63,0.19,3.83
12209a78e11213b87a8e72ba8b8bb896c9dd960de5de36450ae52b7a381a5932e01b,reward_coupon,2026-04-13T09:32:19.237640Z,2026-04-13T10:18:19.126Z,13.29,0.19,13.48
1220fe8a365f31ee488f74697d0a8f16df6203783ff2505fa9f90409a3beac114866,reward_coupon,2026-04-13T09:32:22.854066Z,2026-04-13T10:18:19.150Z,13.29,0.19,13.48
1220669cc054ac451060f4282f7eb6acd95bce62e2946ffdf0cb64450695de7c7723,reward_coupon,2026-04-13T09:32:23.902125Z,2026-04-13T10:18:19.151Z,6.52,0.19,6.72
12208a369a5a07fe1e8d30dd8b1557c7325acf4423df68e4ffcd549b6f610bdca35c,reward_coupon,2026-04-13T09:32:29.045288Z,2026-04-13T10:18:19.191Z,2.18,0.19,2.37
1220c96ff91dc4eb45e235c705b44dd8c68ce3618a1c198b835925fa6dca98f4811e,reward_coupon,2026-04-13T09:32:31.106092Z,2026-04-13T10:18:19.215Z,8.46,0.19,8.65
1220e4f9eace1054d03e9aecc1e939a3e4922196d009856f992599109cebcc06e2de,reward_coupon,2026-04-13T09:32:31.095743Z,2026-04-13T10:18:19.219Z,9.43,0.19,9.62
12206c16cfad493ad1a666503caa5136ee53e072a927c5d9fef6b497994436919694,reward_coupon,2026-04-13T09:32:32.793734Z,2026-04-13T10:18:19.244Z,8.46,0.19,8.65
12201676bef8d71f4144a40eedc683539111861e2bcb7c3d57e3f67669b54aa34ea5,reward_coupon,2026-04-13T09:32:31.452143Z,2026-04-13T10:18:19.244Z,13.29,0.19,13.49
1220657aabbc3dc79b70c6a6d1ebcd3d597f11369f5e99c7cd0d3f7936a46bcb66de,reward_coupon,2026-04-13T09:32:37.798878Z,2026-04-13T10:18:19.291Z,12.32,0.19,12.51
122052a326929fbcf5864e4d4bd7a2013104dd340c3b874ff9af90e1b32d5f6019c0,reward_coupon,2026-04-13T09:32:37.645091Z,2026-04-13T10:18:19.310Z,10.87,0.19,11.07
1220e475475d97643e6b63a7a41af74bbee19a9f05d491320fa0cf96b0d497e8e846,reward_coupon,2026-04-13T09:32:39.045555Z,2026-04-13T10:18:19.311Z,4.11,0.19,4.30
1220bf79597a81bb82c6b33363e0e653c7d5c436233ededa0b662f958f5500465d3f,validator_reward_coupon,2026-04-13T09:34:54.148001Z,2026-04-13T10:18:19.362Z,4.98,0.19,5.17
1220b86f8a335ebe19e719ee895f5d23dd50ade8128be045f977529dc0f5ee7d5264,transfer,2026-04-13T09:36:14.212111Z,2026-04-13T10:18:19.665Z,1.88,0.19,2.07
1220669d9738746b7a5cefbd7a6e07b1b9b51a0b02547e81755ca279273115489c01,validator_right,2026-04-13T09:36:16.857715Z,2026-04-13T10:18:19.666Z,1.80,0.19,1.99
1220a83b764763504659a3ece6e691e48c58192a5836a0a211adebe5a14dd386aabf,reward_coupon,2026-04-13T09:36:59.777424Z,2026-04-13T10:18:20.040Z,28.24,0.19,28.43
12201b1c70837f453573daf46b00a4669250e3ca661cce711b3ee41c109b84bf6de5,reward_coupon,2026-04-13T09:37:08.344039Z,2026-04-13T10:18:20.091Z,29.69,0.19,29.88
1220aa97a42d51f94cd49071d0d590aa69f46cdb7dc08f921347a33fbfda577eb250,reward_coupon,2026-04-13T09:37:15.546243Z,2026-04-13T10:18:20.164Z,25.82,0.19,26.01
12204412cc63e0555f449f6e92f89400eca7d44d355deef9ad0176b034398abf06e6,marker,2026-04-13T09:36:38.934911Z,2026-04-13T10:18:20.171Z,852.13,0.19,852.32
1220ba933586e065bb948ccb51e0b622569fb49857946c45eaa6d9d7cda0972e9e50,reward_coupon,2026-04-13T09:37:16.660183Z,2026-04-13T10:18:20.196Z,22.44,0.19,22.63
122086c55fe0814a5fe43338a38f2cd351ea5270470bdc2d0f2e545a151e4741d313,reward_coupon,2026-04-13T09:37:17.803936Z,2026-04-13T10:18:20.201Z,29.20,0.19,29.40
1220c6b755a4a9c53e6d07aef7b57da030194d538a9a08b6862174918dd05c722abf,reward_coupon,2026-04-13T09:37:19.180881Z,2026-04-13T10:18:20.218Z,25.82,0.19,26.01
12203c0dbeb56ac49399782715beec5b9a4c5a80b1104f233558e8be5fe26e2ab6d4,reward_coupon,2026-04-13T09:37:24.879044Z,2026-04-13T10:18:20.262Z,28.72,0.19,28.91
1220a7b65477a9e1d0e6d64cafdae41286753084df4a672470007d17349bcd98eee1,transfer,2026-04-13T09:37:31.775417Z,2026-04-13T10:18:20.267Z,1.85,0.19,2.05
1220de9b2220df6300fa3d0208b9f2c09bd14f93ab4a1e7123a406a3cec0335d54c8,reward_coupon,2026-04-13T09:37:34.395608Z,2026-04-13T10:18:20.290Z,30.66,0.19,30.86
1220655508c45933b63cda88a5cbb33cdb92855c7a8ee4e76b6ba85287c8e14f86d5,reward_coupon,2026-04-13T09:37:34.833685Z,2026-04-13T10:18:20.304Z,26.80,0.19,27.00
1220575874941bf47d799ce3ab08e361072cf13968842fda7923bfa30a3bfe601b99,reward_coupon,2026-04-13T09:37:34.728961Z,2026-04-13T10:18:20.313Z,28.92,0.19,29.11
1220272299be2031594c536fd11c1424df4b27a74fc2eb9e851c6a3e1c3f97fa1a47,reward_coupon,2026-04-13T09:37:38.057360Z,2026-04-13T10:18:20.356Z,27.76,0.19,27.96
122008adb2b25444ece0a080c3bd08e9f7bd761dbe8db5ba332fc81e4a195d3f5abb,reward_coupon,2026-04-13T09:37:38.320661Z,2026-04-13T10:18:20.369Z,28.72,0.19,28.91
12209d7c795f979164454b1826f067e52daadba8c2e522c2248d74f8e79ac392d6fb,reward_coupon,2026-04-13T09:37:43.645487Z,2026-04-13T10:18:20.391Z,29.70,0.19,29.89
122076829a64e766a7c57471f549b95479db13c4f5bca0a3e9e6ef5ef35245970453,reward_coupon,2026-04-13T09:42:17.004649Z,2026-04-13T10:18:21.527Z,32.59,0.19,32.78
1220a72719990c321c98e390897bbe722d4ec491c522ea8cdd89e3bc3570ba5327a8,reward_coupon,2026-04-13T09:42:14.621028Z,2026-04-13T10:18:21.529Z,33.07,0.19,33.26
1220b923a7ad08757cd8644e9f00505d8685a8447e292953a50655e348879ee52fa5,marker,2026-04-13T09:41:43.508275Z,2026-04-13T10:18:21.577Z,906.84,0.19,907.04
122057b385f6ebe2023bea4d2a6691da3a90ab6e70e43dd9fb247b2740c8a3a4b0c2,reward_coupon,2026-04-13T09:42:26.622974Z,2026-04-13T10:18:21.587Z,25.82,0.19,26.01
12205c472a048da16808e833ff84f1632e99303b3b0f253002ae7a610338c3d205a1,reward_coupon,2026-04-13T09:42:20.824708Z,2026-04-13T10:18:21.588Z,23.89,0.19,24.08
12208a991e5b5acb73fe36b3f9e5e5aaa6e58ea965f3fbe8bbf62804e8facd57285b,validator_liveness,2026-04-13T09:42:26.820177Z,2026-04-13T10:18:21.628Z,3.51,0.19,3.71
1220b83de7cebe0ed89069f247d7266622d1867a0656abd6fc216326f2d25628ba6b,reward_coupon,2026-04-13T09:42:35.310685Z,2026-04-13T10:18:21.636Z,25.82,0.19,26.01
12206e60982fa54d98be71695f5fac92cf39e8fe2ddeb459813a4b3c06782bc37235,reward_coupon,2026-04-13T09:42:38.133565Z,2026-04-13T10:18:21.691Z,30.65,0.19,30.84
1220fdbe2976ff372ad521bff1be3d6553caf181464a7a27ec6f407c777bab990816,reward_coupon,2026-04-13T09:42:45.780539Z,2026-04-13T10:18:21.707Z,11.36,0.19,11.55
1220cfaac6b4becdd399e6d8d8a40332d6f45dd5fd2704d96beda793ae39812b3bdd,reward_coupon,2026-04-13T09:42:38.788837Z,2026-04-13T10:18:21.718Z,33.55,0.19,33.75
1220811cfc7fa1447e04f8c005150036c44f4a6030758427557940534cc5d43f7579,reward_coupon,2026-04-13T09:42:49.864643Z,2026-04-13T10:18:21.771Z,15.21,0.19,15.41
122010513259cf4d9ce31e893d7a73931667f4e91d3bfdbccd7fe577cefa4997da7c,reward_coupon,2026-04-13T09:42:50.451918Z,2026-04-13T10:18:21.771Z,15.70,0.19,15.89
122048fc0cc10e947d0e27bfaba6a3e256af7cad47346cd944c2561211c2f0585c08,reward_coupon,2026-04-13T09:43:01.172174Z,2026-04-13T10:18:21.840Z,15.22,0.19,15.42
12205b1a78709c17908136e036768727cd676b140f33bd05a34fa3919fd3a176f074,reward_coupon,2026-04-13T09:43:01.385426Z,2026-04-13T10:18:21.841Z,16.19,0.19,16.38
1220747abe762947defe53bca44459065eb4b1df11fdb7c367912491546e29ba0397,reward_coupon,2026-04-13T09:43:02.978934Z,2026-04-13T10:18:21.848Z,14.74,0.19,14.93
1220b016b66c4d96bc02c01597bc62bf05946f5f867d47aef0250e59dce3e102d9c0,reward_coupon,2026-04-13T09:43:06.077535Z,2026-04-13T10:18:21.862Z,6.52,0.19,6.71
1220d28ee54334c24f1a2c5afc157747699975110f8fb13a32066e735457f8bc81e0,reward_coupon,2026-04-13T09:43:05.092949Z,2026-04-13T10:18:21.867Z,13.77,0.19,13.96
12200952adca820b922ec637e0ca954d3fc28a079f7e66d41f74f3df8e4542412e31,reward_coupon,2026-04-13T09:43:06.551051Z,2026-04-13T10:18:21.935Z,3.63,0.19,3.82
1220571a973f826574e10ed78defef71268e5881bcd6d7b376de3453243ca167f6a4,reward_coupon,2026-04-13T09:43:14.127910Z,2026-04-13T10:18:21.936Z,17.15,0.19,17.34
12209035666307aeb6f256bdbfb6bb88e07f8f013efdb5550a13430dcbbbad23fc58,reward_coupon,2026-04-13T09:43:15.425945Z,2026-04-13T10:18:21.941Z,9.42,0.19,9.62
12201546245fbf7a485ba05c2043e430125dbcf93da8036a4312e3bcac37dcab9eb2,reward_coupon,2026-04-13T09:43:16.459792Z,2026-04-13T10:18:21.957Z,18.11,0.19,18.30
1220e241ec6fb3e462b1ccf17154a929a712d79de263e9d5279ca43a35fb0528d10d,reward_coupon,2026-04-13T09:43:17.058338Z,2026-04-13T10:18:21.959Z,6.03,0.19,6.23
12208482478be0fb1768e3fb900b197419ba8dfc46b84f11afefd2cf81dcb47acc91,validator_reward_coupon,2026-04-13T09:43:57.023110Z,2026-04-13T10:18:22.075Z,4.98,0.19,5.17
122085a062365a46a3f46fddaafafb3aef55b06f61acd9f7d1b3508e9e1ec0a5a13c,reward_coupon,2026-04-13T09:46:01.564883Z,2026-04-13T10:18:22.587Z,16.81,0.19,17.00
1220346b45da54b7f3021254153f4b45959d2cbc243666ae6a22cf6f63e8ddf71048,marker,2026-04-13T09:46:47.664394Z,2026-04-13T10:18:23.083Z,906.84,0.19,907.03
1220775b1ebd79497e0902510a8aef874655d445e51651662b7f115993a1046f9688,reward_coupon,2026-04-13T09:47:19.895454Z,2026-04-13T10:18:23.086Z,32.10,0.19,32.30
1220718b01dd4d3f3140d683a8f2fd77cffb2902389e75d0b86c268d8fa693dce315,reward_coupon,2026-04-13T09:47:25.704925Z,2026-04-13T10:18:23.087Z,28.72,0.19,28.91
1220a1c679046bffe40db545b31da53858cf7fa13a25977d5d9455b3921f39025011,reward_coupon,2026-04-13T09:47:28.042065Z,2026-04-13T10:18:23.153Z,26.80,0.19,26.99
12201817deb5e12152d4745f41dc91687524cd493181886cc40a3f4a563346613f88,reward_coupon,2026-04-13T09:47:29.999611Z,2026-04-13T10:18:23.159Z,22.44,0.19,22.63
1220cbaf7d20996dbd2c1c1f2ce117f5d9839d941eae539e0f39668b8baffb03d429,reward_coupon,2026-04-13T09:47:32.697994Z,2026-04-13T10:18:23.183Z,32.59,0.19,32.78
1220499d17c169951266aaf3447a647c6c2f02a41fdd5c08a2be8b573eea95ffbefa,reward_coupon,2026-04-13T09:47:37.478361Z,2026-04-13T10:18:23.214Z,27.76,0.19,27.95
1220e1b12056db1c36398f6678179e97c533061e994d0293040fd2b339b18a5dd363,reward_coupon,2026-04-13T09:47:33.835694Z,2026-04-13T10:18:23.214Z,29.70,0.19,29.89
122066b6d4be99f9db8e46277302481cc80d5a3d0bee5be5e2b3b3bfbdbacf449ecd,reward_coupon,2026-04-13T09:47:40.881527Z,2026-04-13T10:18:23.248Z,36.94,0.19,37.13
1220c0a55a12d2594cb3a053a8450e9c010958fbaf26020ce6da29d212d4789df7d8,reward_coupon,2026-04-13T09:47:44.331343Z,2026-04-13T10:18:23.253Z,29.22,0.19,29.41
1220d2387e24eaa45cf520362d82fcc14bd4986307913b6cb15c2d87ce8a8952d6bf,reward_coupon,2026-04-13T09:47:45.200246Z,2026-04-13T10:18:23.273Z,4.11,0.19,4.30
122044e0211e50c5bb2b348d6c97212a93e135fb35c59c475f70cf208d3ae3bfd9ad,reward_coupon,2026-04-13T09:47:46.806362Z,2026-04-13T10:18:23.307Z,34.05,0.19,34.24
12206d1dea2f413976ef77bdb52d59d10255fafe416b9dc672186bcf8f69acf236f8,reward_coupon,2026-04-13T09:47:46.905912Z,2026-04-13T10:18:23.308Z,27.75,0.19,27.95
1220924fdb4b4170a29079435ff17157691067de5133a89b6cb4e69925987666acd9,reward_coupon,2026-04-13T09:47:58.612407Z,2026-04-13T10:18:23.343Z,30.19,0.19,30.39
12201fcf3b494c350fd8748f515788ad218b1bd039c67a1f1361b4c68346cbfe5d77,validator_liveness,2026-04-13T09:47:58.712504Z,2026-04-13T10:18:23.345Z,3.51,0.19,3.71
122053a7263c8841c67b56d4509f42dd7c216203351d70812eb3bf35881647f3162b,reward_coupon,2026-04-13T09:52:12.429794Z,2026-04-13T10:18:24.411Z,25.82,0.19,26.01
12209f48e346c88da481fb392ac0dd3a869633be5199272cdf4b7017ecf21ad3fc95,reward_coupon,2026-04-13T09:52:16.810371Z,2026-04-13T10:18:24.467Z,31.13,0.19,31.33
12201426faea9b33285d7140d1ebd7a5799bea7f55074df406ea33158200e1727edc,reward_coupon,2026-04-13T09:52:21.270937Z,2026-04-13T10:18:24.483Z,24.85,0.19,25.05
1220b441508c199cf7359245e8e2d8c87dab47fddf55b232bb9c485ec3bbd21d2622,reward_coupon,2026-04-13T09:52:20.949354Z,2026-04-13T10:18:24.484Z,34.04,0.19,34.23
1220a5538551dfb0b1e5753f00419267e577a92a75fc21528b68ac7162a187414281,marker,2026-04-13T09:51:52.159863Z,2026-04-13T10:18:24.494Z,906.84,0.19,907.04
122053e76f23b2f7538307466247be6113f121a03985d0f97b6b85f40afc7528b683,reward_coupon,2026-04-13T09:52:31.764422Z,2026-04-13T10:18:24.508Z,28.72,0.19,28.91
1220afa99812a21e168945ac36746f9c1b357fda632d3780fffaa38c666a7d60555d,reward_coupon,2026-04-13T09:52:31.742524Z,2026-04-13T10:18:24.571Z,29.69,0.19,29.88
12206a741b5ab0509ccff19ef2ee6f1a0becb16d0935800f5f3f38873d8b65f3fc85,reward_coupon,2026-04-13T09:52:33.055883Z,2026-04-13T10:18:24.583Z,30.17,0.19,30.36
1220fbdb7799ed0b9cf56db608560ee05148621a79f14d13c480ce47cbdb8f949801,reward_coupon,2026-04-13T09:52:33.258872Z,2026-04-13T10:18:24.584Z,29.70,0.19,29.89
1220244771ceb5f6ffe8209b995eef023f94aa2fa20f0285d91b6dd1f9d42ad719e1,reward_coupon,2026-04-13T09:52:39.717864Z,2026-04-13T10:18:24.591Z,33.55,0.19,33.75
12206cddd007d2b43d622ca5cc3bd661930cda4f25ebc5b5f8d6d18adade6aa5d59a,reward_coupon,2026-04-13T09:52:39.996632Z,2026-04-13T10:18:24.599Z,22.94,0.19,23.13
1220e545adaa973a1a039224fa013daecc41e19143c4c796d1f4ff0b630028cfce6e,reward_coupon,2026-04-13T09:52:40.756726Z,2026-04-13T10:18:24.664Z,9.90,0.19,10.10
1220e6a3007af4757bb519fd2d07c883463b521adfbcc22331e07e33dcdef63f0f7b,validator_reward_coupon,2026-04-13T09:52:55.788413Z,2026-04-13T10:18:24.676Z,4.98,0.19,5.17
122050312e2b5f6ccf60334848cd5e24c7f4baf4bea0dab14e947692b5800983dff8,reward_coupon,2026-04-13T09:52:47.828888Z,2026-04-13T10:18:24.679Z,33.56,0.19,33.76
122001ac639fede9dda7749a08427620c4b9ecaf4b12209c31a211f382858eb9b4c4,reward_coupon,2026-04-13T09:53:01.005230Z,2026-04-13T10:18:24.683Z,14.25,0.19,14.45
122077ddd45ec9f3a131feef2130d7303698dc890d9a589797434cda662d88c780f3,reward_coupon,2026-04-13T09:53:02.188295Z,2026-04-13T10:18:24.696Z,11.36,0.19,11.55
122072b444328f5b4054be4f9653a882c13cf563b0f2dbfa98da5560fbc69a885295,reward_coupon,2026-04-13T09:57:13.831034Z,2026-04-13T10:18:25.641Z,26.79,0.19,26.98
1220198f20563d1b9599a3b737e23890d4057ee08506e15deedb8a2b3e8fd5562c5b,reward_coupon,2026-04-13T09:57:22.991697Z,2026-04-13T10:18:25.697Z,35.01,0.19,35.20
12203c2a9e41462323f9187932c9dedeb54466837f2bd8a72d4ebf5f1baca4a7a69b,reward_coupon,2026-04-13T09:57:30.879799Z,2026-04-13T10:18:25.706Z,28.73,0.19,28.93
12208145fb869d866311ec5b9fd917766d94e1d7d72907f01058b7b1da45c713c98a,reward_coupon,2026-04-13T09:57:30.133886Z,2026-04-13T10:18:25.707Z,33.08,0.19,33.28
122055cb8a8aba6879b4e76097ba6fc74dfff630bb69865a5540183a8f42055aa2cf,validator_liveness,2026-04-13T09:57:31.511743Z,2026-04-13T10:18:25.733Z,3.51,0.19,3.71
1220a7e168de32adf060d509e4c1262b8f9aabda0e7c303bf8709f30d44e667510f1,marker,2026-04-13T09:56:56.551353Z,2026-04-13T10:18:25.766Z,915.17,0.19,915.36
1220a47fa656667ef8ce10c4630b48936ffb74a4fbcefef8fb914d26cc4ac511d885,reward_coupon,2026-04-13T09:57:48.925140Z,2026-04-13T10:18:25.799Z,30.18,0.19,30.37
1220c1668e90aa15c8eb221a36dad0203a5afa80c3cca1a5fd1c335188a17faddaf6,reward_coupon,2026-04-13T09:57:41.769398Z,2026-04-13T10:18:25.799Z,33.56,0.19,33.76
1220a8374d2384ca318e4f64f5fc8518227f1837dc6841ba84a9423d68b4a48165af,reward_coupon,2026-04-13T09:57:49.016810Z,2026-04-13T10:18:25.826Z,30.66,0.19,30.86
1220ba9b32c1d7666a176adf01200ec72069057d468dfb278a030c08cf113565a62f,reward_coupon,2026-04-13T09:57:40.380990Z,2026-04-13T10:18:25.827Z,29.22,0.19,29.42
12204649d7fa85f2eb3518b888ef69261d286c82a2fd48506ddec5ae7e09206350c7,reward_coupon,2026-04-13T09:57:48.991201Z,2026-04-13T10:18:25.863Z,31.63,0.19,31.83
1220807da7dbf039b17fcdf64dfe4e433599aed17bf08ae8d6a4a1a1bfeb05540afe,reward_coupon,2026-04-13T09:57:54.917851Z,2026-04-13T10:18:25.894Z,29.70,0.19,29.89
12200bf393413e7b022c24a32dea25b6d7bafe3357e57abfef1992aa2669f9c04f60,reward_coupon,2026-04-13T09:57:56.813867Z,2026-04-13T10:18:25.894Z,23.42,0.19,23.61
12208499f84947a28876ca18d13579dfa77d0449015d8f10adb7c3a3c0855ccb6519,reward_coupon,2026-04-13T09:58:13.180750Z,2026-04-13T10:18:25.918Z,4.59,0.19,4.78
12209a81cc83f97d09ccb2f5b492ef8b07bf4e57ef2c7b30f3406e1423c3064b721d,reward_coupon,2026-04-13T09:58:16.742921Z,2026-04-13T10:18:25.919Z,28.26,0.19,28.45
1220ec6fe8d611fb23c4d5514b965a5c92308400c22d65b2f357147f1c3c6fe5692c,reward_coupon,2026-04-13T10:00:42.034230Z,2026-04-13T10:18:26.416Z,28.16,0.19,28.36
1220bc45423e3134cbafb4f8b931262aa930475b876f240e5f6a0679ebe6306c456d,reward_coupon,2026-04-13T10:02:20.965710Z,2026-04-13T10:18:26.961Z,30.17,0.19,30.36
12203404c0f69dca79c59eabf538210fa6ba5ef0764be9d1b8312f9ac85aaba5c457,reward_coupon,2026-04-13T10:02:25.095497Z,2026-04-13T10:18:26.963Z,29.69,0.19,29.88
12206d50619897f358b45b1971ab45c46c542e23f728f2a0427faf215c83cac580dd,reward_coupon,2026-04-13T10:02:34.272583Z,2026-04-13T10:18:27.008Z,31.63,0.19,31.82
122000a28d94f941c8e9e3d5539c83a54feaa37fa43135086eb50c0fa3a685fad1c2,reward_coupon,2026-04-13T10:02:33.527519Z,2026-04-13T10:18:27.009Z,29.69,0.19,29.88
1220b8c330b91cff03fe7da6f49907a3cf0c9fd6e36cf413d62e17e75b6be9ca63b7,reward_coupon,2026-04-13T10:02:37.322599Z,2026-04-13T10:18:27.058Z,36.95,0.19,37.14
12205241496b260994c3491085b58f309d76dc59ccf3475e587efe5ddb104f712722,reward_coupon,2026-04-13T10:02:37.352082Z,2026-04-13T10:18:27.064Z,33.57,0.19,33.76
122053e3dd65be9ceb180707668901af33529884b6e4888443a3c221e4f4b636dbeb,marker,2026-04-13T10:02:02.287097Z,2026-04-13T10:18:27.077Z,915.17,0.19,915.36
122046a12a5c85da161cfa2cebf4510547b1d5f8bc7bc716456fbcbbaa6a5e4380d9,reward_coupon,2026-04-13T10:02:39.697112Z,2026-04-13T10:18:27.101Z,26.80,0.19,26.99
122046935399dbc6a46075d50750b4b4e27fb857e7bbc9d13a34b88f73e96ade534d,reward_coupon,2026-04-13T10:02:43.540777Z,2026-04-13T10:18:27.102Z,32.59,0.19,32.79
12205e7f825269d5133ffb3ffeb5e0488266a482665212c8fe6b1e00e70ceae776e6,reward_coupon,2026-04-13T10:02:45.129091Z,2026-04-13T10:18:27.153Z,28.73,0.19,28.93
1220fa2f838e400a4034e75adf345b97b859fd07acf1b61b2f7e8c5f7598bb87d6b7,reward_coupon,2026-04-13T10:02:50.296888Z,2026-04-13T10:18:27.156Z,24.39,0.19,24.58
12207f61a06125711e58aceb061702f124c91649eb199f50bd1c808363fd0cfa0096,reward_coupon,2026-04-13T10:02:56.951830Z,2026-04-13T10:18:27.174Z,26.32,0.19,26.51
12202edae7bcf7bd41a2776bfca47b079583901b247c240ff26f1b89fc68b9c8839a,reward_coupon,2026-04-13T10:03:06.511681Z,2026-04-13T10:18:27.193Z,11.36,0.19,11.55
12203e1806c4e2eccb9a524f681b39599906c29bec2b03e4c1f049b3cc3d43c356b7,validator_reward_coupon,2026-04-13T10:03:03.389842Z,2026-04-13T10:18:27.193Z,4.98,0.19,5.17
12206c8523f27f36a875c60f5ba14735eb0e5811b324be532f646d2e5675f45c930d,reward_coupon,2026-04-13T10:03:07.469523Z,2026-04-13T10:18:27.246Z,8.94,0.19,9.14
1220bc02f766c3d4563158607863be363a2b5952b6d79dcf147ca9734df87a79b2d0,reward_coupon,2026-04-13T10:03:14.989854Z,2026-04-13T10:18:27.251Z,13.77,0.19,13.96
1220154d02bd14d55ee7e96ae82cf8d506c265dd05a2dd9811c0d9834dd3000a3494,reward_coupon,2026-04-13T10:07:20.133386Z,2026-04-13T10:18:28.354Z,24.87,0.19,25.06
12201adcf72b510649e5635283cc59205fb47a6edc42b591a2ecbc5a3d874980219a,reward_coupon,2026-04-13T10:07:23.877461Z,2026-04-13T10:18:28.363Z,30.18,0.19,30.38
1220bf1174eccd080d959ca7ba7134b56f190a38fbe087daac1acf0f2fc1c1f84dc5,reward_coupon,2026-04-13T10:07:24.940025Z,2026-04-13T10:18:28.363Z,25.83,0.19,26.03
12200a2a172ed42ad211604ee3ff0a8eceb10262a13c8b0485fb4d2cc0e89f2dafec,reward_coupon,2026-04-13T10:07:32.408250Z,2026-04-13T10:18:28.407Z,26.80,0.19,26.99
12204be9b5ece4b6001014bbce153f4511fa339aa849d4a82eb830d1ee28599b8e56,marker,2026-04-13T10:07:07.850184Z,2026-04-13T10:18:28.439Z,811.68,0.19,811.88
12208622fa5ca9423e462d8cf34a9c6ac4877b8b168973f4d5dd34e578a13295684f,validator_liveness,2026-04-13T10:07:38.076281Z,2026-04-13T10:18:28.455Z,3.51,0.19,3.71
122080fbc1cd700edd54cd302daf13dbe026abca1c53381d57537d0087efb1d1c870,reward_coupon,2026-04-13T10:07:43.336203Z,2026-04-13T10:18:28.467Z,28.25,0.19,28.45
12201901dcb2e573d4785d51a26c25f64f74e53761759daa84bbf96741d61d100b21,reward_coupon,2026-04-13T10:07:45.367840Z,2026-04-13T10:18:28.469Z,23.91,0.19,24.10
12209b696ae3af2c68c1c24ccc264c0b705a4d04c33a176eaa88ded4fb32e141a5ea,reward_coupon,2026-04-13T10:07:47.867025Z,2026-04-13T10:18:28.515Z,24.87,0.19,25.06
1220224cbbcc72c474c2f5a401c9a13f0be817218ef87cb0786a209bd0c18e9b05ef,reward_coupon,2026-04-13T10:07:57.792786Z,2026-04-13T10:18:28.562Z,27.77,0.19,27.96
12203b13ecd1e5729801ebe9d474f0b1f9b920508856d3647eb9b30c97f6b1950952,reward_coupon,2026-04-13T10:07:55.819843Z,2026-04-13T10:18:28.564Z,27.29,0.19,27.49
12208d52d738d540afe7dd35bd08ecfb7d306b236e4a78a6e7ea55ad62d0bb879762,reward_coupon,2026-04-13T10:08:08.368490Z,2026-04-13T10:18:28.616Z,4.59,0.19,4.78
1220cdf80d758769dc6d965d06cad09582ecc63b5fe61cddf37366e96b43319c50ab,reward_coupon,2026-04-13T10:08:03.174791Z,2026-04-13T10:18:28.616Z,5.07,0.19,5.27
122045b5616975ae18be2f6d69f584f546ec92d25eae469be622894921318290100b,reward_coupon,2026-04-13T10:08:13.026140Z,2026-04-13T10:18:28.625Z,30.67,0.19,30.87
12200a004a5ff6d183e41967f9005b78b9ea6113da7f6aa945991be48e51f6ced209,reward_coupon,2026-04-13T10:08:17.495619Z,2026-04-13T10:18:28.679Z,6.04,0.19,6.23
1220bb5bf86a019746569b6723f9f687fe804ee36c51ee9456ce87ee2a59f8733aec,reward_coupon,2026-04-13T10:08:21.355731Z,2026-04-13T10:18:28.680Z,23.91,0.19,24.10
1220e4a32915d6f3e53b126b8744aee7aae2ccc1b5f5197ec0b52bbb7851745d9611,reward_coupon,2026-04-13T10:08:22.866094Z,2026-04-13T10:18:28.710Z,22.94,0.19,23.14
122033bd776b6e02bceca09cb2bc8cf286529f4639b2c8234d2305275a74f7eae617,reward_coupon,2026-04-13T10:11:17.471899Z,2026-04-13T10:18:29.316Z,19.18,0.19,19.38
122023646442b3599d2323028a8b2846f4c9efb6ec20e02d2a6d84489c94d8b8399a,validator_reward_coupon,2026-04-13T10:12:17.720293Z,2026-04-13T10:18:29.606Z,4.98,0.19,5.17
12202656f62f6748537831ebc9d5413fbeb72297c281e753eab16ee1aec67dfe7609,reward_coupon,2026-04-13T10:12:44.686324Z,2026-04-13T10:18:29.734Z,26.30,0.19,26.50
1220e3be8b7103f71cb1fcfa941940042481c694dbd8da8e1daacc374824c8dbb246,marker,2026-04-13T10:12:13.129023Z,2026-04-13T10:18:29.786Z,811.68,0.19,811.88
122029f9b79ae2f06e835582b54b28c148953a3e62e2cd6743db50e750cb8ea2f5cb,reward_coupon,2026-04-13T10:12:51.798936Z,2026-04-13T10:18:29.789Z,25.34,0.19,25.53
12206b0fbeca5fe347530e79886e07267560d12cd1ea7b810666f5428740cbde9ab0,reward_coupon,2026-04-13T10:12:46.461585Z,2026-04-13T10:18:29.797Z,26.79,0.19,26.98
1220c061ed5adb2e2ffd16dc407af9b7b53750a3d7a592254103c8e2bb0d0ce4e773,reward_coupon,2026-04-13T10:12:54.484202Z,2026-04-13T10:18:29.801Z,27.27,0.19,27.46
1220760e47f36b797e9880beee8c638dbbf85a0b0b7b7dd53e14a61b46ac32140897,reward_coupon,2026-04-13T10:13:02.437653Z,2026-04-13T10:18:29.851Z,40.32,0.19,40.51
12206da2bdce6959f0bbbc6ec5bd12dcddb97a24e8635562456957034f2a6356c0e8,reward_coupon,2026-04-13T10:13:04.339352Z,2026-04-13T10:18:29.884Z,29.69,0.19,29.88
1220a33a7ef7938488e52f967efa37e4882c646746dda66c8d85f31d94b6c9cc7e5c,reward_coupon,2026-04-13T10:13:05.563258Z,2026-04-13T10:18:29.886Z,21.47,0.19,21.67
12205b68dfd713f9eb79c6f97f1940956457f9ab167fe97eaa9a48729da7a8c4207d,reward_coupon,2026-04-13T10:13:05.733581Z,2026-04-13T10:18:29.896Z,27.75,0.19,27.94
1220e4d3c9f7ec223193b4e991260c0ffd84838077d5eee4b04fe349bb1c3635a365,reward_coupon,2026-04-13T10:13:07.606692Z,2026-04-13T10:18:29.926Z,26.79,0.19,26.98
12205c510a881aa14229027ebf8dc9dd0c84f17a15984f47a72dfc0bd109d3ee6dbd,reward_coupon,2026-04-13T10:13:08.705247Z,2026-04-13T10:18:29.947Z,23.41,0.19,23.60
1220fe627a4979a64f3c5720571ff04d91301946369b1142e4b50cc6fb7ee8777f9b,reward_coupon,2026-04-13T10:13:19.280996Z,2026-04-13T10:18:29.977Z,24.85,0.19,25.05
122047f5eb6daf643e095aab202e55a60439767fe12b9eed10f445be7ecb4ec17e89,reward_coupon,2026-04-13T10:13:25.683094Z,2026-04-13T10:18:29.978Z,23.88,0.19,24.08
