update_id,tx_type,effective_at,fetched_at,request_body_kb,response_body_kb,request_headers_kb,response_headers_kb,base_kb,extra_kb,total_kb
12205beb7734efb661f8a7742b921c49e114579d1da2c4094828f05d2285cb4166eb,unknown,2026-05-15T08:22:18.713185Z,2026-05-15T10:35:52.791Z,0.19,404.77,0.79,0.12,404.96,0.91,405.87
1220b2dbc85850b0eabfad7329543961c8729d8dce24c6529af44d4668c2d9c7cc96,unknown,2026-05-15T08:22:31.520357Z,2026-05-15T10:35:52.793Z,0.19,405.05,0.79,0.12,405.25,0.91,406.16
12203b354230bbb72460592954ad537967e80593f4a8e1b51c37150b651ecc7ce26c,unknown,2026-05-15T08:22:58.728584Z,2026-05-15T10:35:52.825Z,0.19,405.08,0.79,0.12,405.27,0.91,406.18
12203ebb9d00b176370e5b1bcffd856b93cb9dddaaf7cfad1b94c3403e1a9100c8c0,unknown,2026-05-15T08:22:59.209063Z,2026-05-15T10:35:52.868Z,0.19,405.19,0.79,0.12,405.39,0.91,406.29
12205c99d5def54280e6b6095b238403f58fcea96113169a8596245352a0ddc18563,unknown,2026-05-15T08:23:04.962860Z,2026-05-15T10:35:52.881Z,0.19,405.19,0.79,0.12,405.39,0.91,406.30
122074206326933995c8a44d249d22dff084003fdf5f22b95dfbff43601087a0b291,unknown,2026-05-15T08:23:47.872532Z,2026-05-15T10:35:52.917Z,0.19,404.77,0.79,0.12,404.96,0.91,405.87
12200be3c0002806dfa9b3cd9a4f17edbf48d877ad286c8143d486c7076acdfbdd69,unknown,2026-05-15T08:23:58.620366Z,2026-05-15T10:35:52.920Z,0.19,404.77,0.79,0.12,404.96,0.91,405.87
122043a8b999bd1866843da88592e406bd9ed34c0f4fd78fc18a0f30fbb807098913,unknown,2026-05-15T08:24:17.921687Z,2026-05-15T10:35:52.948Z,0.19,405.05,0.79,0.12,405.25,0.91,406.16
1220a2b9d3f203cc610b999b97320c467659b5a1bc57e5a0e63a0ea838f9e4abba6d,unknown,2026-05-15T08:24:28.366363Z,2026-05-15T10:35:52.993Z,0.19,405.08,0.79,0.12,405.27,0.91,406.18
1220dab33c5ae94e79dab2567ae66b2af5d518fb6d2d90972e855fc4aab0ac6933a3,unknown,2026-05-15T08:24:30.711621Z,2026-05-15T10:35:53.007Z,0.19,405.19,0.79,0.12,405.39,0.91,406.30
122035105dbe028b52904bd654c13b6970c7188470345ec4f8d5a4007d24bbdb08fb,marker,2026-05-15T08:24:56.386403Z,2026-05-15T10:35:53.029Z,0.19,3.26,0.79,0.12,3.46,0.91,4.37
12200c0f1d2e7535524da09f735d1520ca1cdc4cdbe4c576441e5ac567db4f5968dd,unknown,2026-05-15T08:24:31.933425Z,2026-05-15T10:35:53.043Z,0.19,405.19,0.79,0.12,405.39,0.91,406.29
1220f0732f2d9cf510244146899b808321df9841c88cf7bd6fcd3ee236e8a66a56a5,unknown,2026-05-15T08:25:16.597632Z,2026-05-15T10:35:53.072Z,0.19,404.77,0.79,0.12,404.96,0.91,405.87
12209deed76579ed228f2aebc6c789d6698d10ca06494386ece2007f4444f39e3189,reward_coupon,2026-05-15T08:25:22.458905Z,2026-05-15T10:35:53.102Z,0.19,2.18,0.79,0.12,2.37,0.91,3.28
12203619f65bc3d3fe0dd19e8ebad26b972b9e8ff33641c2ce585b03b195ce3f41bf,unknown,2026-05-15T08:25:22.644447Z,2026-05-15T10:35:53.136Z,0.19,404.77,0.79,0.12,404.96,0.91,405.87
1220ca214968c2d5dfc954b9c8f7e2ba880e9da5c8a2d2ba3890ee447161e6313e55,validator_reward_coupon,2026-05-15T08:25:41.365441Z,2026-05-15T10:35:53.152Z,0.19,4.98,0.79,0.12,5.17,0.91,6.08
1220ca57c76d71c7c28713ecf4371d59b7b5d168eb4344c5ec08178ad389eac2fc05,unknown,2026-05-15T08:25:34.576719Z,2026-05-15T10:35:53.154Z,0.19,405.05,0.79,0.12,405.25,0.91,406.16
12206f77c985b01240014cedd5fcb8dfa12472ef318dbd51de86255badf342f233c4,validator_liveness,2026-05-15T08:27:40.020873Z,2026-05-15T10:35:53.183Z,0.19,3.51,0.79,0.12,3.71,0.91,4.62
122088c82c2c3dc5087ccc7dc21e61d942a42b199a372872a86fe42fe9051f3dbb9a,unknown,2026-05-15T08:29:09.911118Z,2026-05-15T10:35:53.228Z,0.19,404.77,0.79,0.12,404.96,0.91,405.87
12200ff24e965cc803fab0889ae2f731fad180d2ffcc4bf8c790740edf5c8e0cf61a,unknown,2026-05-15T08:29:11.452595Z,2026-05-15T10:35:53.257Z,0.19,405.08,0.79,0.12,405.27,0.91,406.18
1220fdc4c47525f539bc322e07867566c38a40148014394e7b7f777f1d8e3ec82d45,unknown,2026-05-15T08:29:12.697142Z,2026-05-15T10:35:53.275Z,0.19,405.05,0.79,0.12,405.25,0.91,406.16
1220f8f39e731257edd9a15a564d4ef316dd9c5ece8373ee20fd15745a4dfc5643d3,unknown,2026-05-15T08:29:13.394801Z,2026-05-15T10:35:53.277Z,0.19,405.19,0.79,0.12,405.39,0.91,406.30
122074807e037abc4b8b954b78e35b485965b1c8c05e791b2cb64a46171e6f7825f1,unknown,2026-05-15T08:29:14.301535Z,2026-05-15T10:35:53.327Z,0.19,404.77,0.79,0.12,404.96,0.91,405.87
1220b5dd19e8de9e29a46497a4e5b2bcab704c9b600ecccb3f73e6b70b9993a5838f,unknown,2026-05-15T08:29:14.582696Z,2026-05-15T10:35:53.357Z,0.19,405.19,0.79,0.12,405.39,0.91,406.30
12204ae9430fc90202eb58f7a90070f4807df54d32645dd0a0e6f4d2fab0f6a2ed69,marker,2026-05-15T08:29:58.904965Z,2026-05-15T10:35:53.370Z,0.19,3.26,0.79,0.12,3.46,0.91,4.36
12206b1a2ddb74f000c458426c421224e18e367efe7a73b5cfb04339979bd8c8d3d4,reward_coupon,2026-05-15T08:30:10.170329Z,2026-05-15T10:35:53.383Z,0.19,2.18,0.79,0.12,2.37,0.91,3.28
1220c138f2a4be2163d4aba7681da9659ea316d03269b102ac9b6ffcd431ecee354b,reward_coupon,2026-05-15T08:30:47.989545Z,2026-05-15T10:35:53.386Z,0.19,4.05,0.79,0.12,4.24,0.91,5.15
1220cf9cd9e57ebc644ad294a5da00d6ceaabe49ea3611b8677febeb5c72e1922f22,validator_liveness,2026-05-15T08:32:17.086670Z,2026-05-15T10:35:53.438Z,0.19,3.51,0.79,0.12,3.71,0.91,4.62
12204d89fa5e0e4faf7cd80cceec0f2427b4f7b99cc985eab82335e984b404618c28,unknown,2026-05-15T08:32:47.207741Z,2026-05-15T10:35:53.481Z,0.19,404.77,0.79,0.12,404.96,0.91,405.87
1220f460570ff9313a10b72e7c12ffee518a1603a6b9d2e0480b59ffbfbe291be616,unknown,2026-05-15T08:32:49.782772Z,2026-05-15T10:35:53.497Z,0.19,405.05,0.79,0.12,405.25,0.91,406.16
1220888cca08f5d2ee011d1c085e2221979c64f6e5b2bae2d8bb1ca2d16e350ec317,unknown,2026-05-15T08:32:52.436743Z,2026-05-15T10:35:53.507Z,0.19,405.08,0.79,0.12,405.27,0.91,406.18
12209ead0ae9171bd39a96e1f5b98922d8cfe3e5c32ad43dbe70779322515e2e6031,unknown,2026-05-15T08:32:54.502716Z,2026-05-15T10:35:53.561Z,0.19,405.19,0.79,0.12,405.39,0.91,406.30
1220996826988868c02f4dfd2fd2df7161482eaa35ec4e30e8ba0062b69351349b80,unknown,2026-05-15T08:32:54.807874Z,2026-05-15T10:35:53.604Z,0.19,405.19,0.79,0.12,405.39,0.91,406.30
1220241946381e0d38fc9c45ee09c75e2aeb6a39b17a149cebbc7b963749f74c2a43,unknown,2026-05-15T08:32:52.756901Z,2026-05-15T10:35:53.607Z,0.19,404.77,0.79,0.12,404.96,0.91,405.87
1220f5143216e8dde6bc0cdc924dbcbc5705913a1288d595d74c7c2b86698d95cb39,unknown,2026-05-15T08:33:45.069072Z,2026-05-15T10:35:53.623Z,0.19,405.19,0.79,0.12,405.39,0.91,406.30
122085ca14f0c46d79deff203230b81fde3659028204a6f801b66d8b2828b22f5075,unknown,2026-05-15T08:33:53.475335Z,2026-05-15T10:35:53.630Z,0.19,405.05,0.79,0.12,405.25,0.91,406.16
1220aadb245ea5d196bb93ce6acd29778af9fd82612f4e4fd5581cce6b4e79d6b755,unknown,2026-05-15T08:34:27.061166Z,2026-05-15T10:35:53.691Z,0.19,405.19,0.79,0.12,405.39,0.91,406.30
1220d8bf6de632a3bff6fef26199f3150d2355467efdb378ff9df42dc036551cd8cf,marker,2026-05-15T08:34:58.712979Z,2026-05-15T10:35:53.714Z,0.19,3.26,0.79,0.12,3.46,0.91,4.37
12209ec8edfe82acf929077ccb9c0a43fee318269efcd56d4df91bd5cc406756cc28,unknown,2026-05-15T08:35:59.938042Z,2026-05-15T10:35:53.730Z,0.19,405.19,0.79,0.12,405.39,0.91,406.30
1220f68a229e1fd610f158561ba1e0cf50fa953daf32a81e38a207b210494c77386f,unknown,2026-05-15T08:36:03.178554Z,2026-05-15T10:35:53.751Z,0.19,405.19,0.79,0.12,405.39,0.91,406.30
12205afd9c63be1e0efb70f8d2a7813829f904ce08d595abf465b6531a943f81f82c,unknown,2026-05-15T08:36:03.137394Z,2026-05-15T10:35:53.756Z,0.19,405.05,0.79,0.12,405.25,0.91,406.16
1220b2b34cf2dc8ca394a90f62024e01bc9e15fcf6d9a9783773166c0c3b53d5b985,unknown,2026-05-15T08:36:03.748451Z,2026-05-15T10:35:53.816Z,0.19,404.77,0.79,0.12,404.96,0.91,405.87
1220d36378a630d8a4cbc980cbb7d476d26dce36e3f7b9dfc6ade0a9ddd6cf5148c9,unknown,2026-05-15T08:36:03.450486Z,2026-05-15T10:35:53.833Z,0.19,404.77,0.79,0.12,404.96,0.91,405.87
12201b69ff20595d3f13095bf8d4f4241128a2d5a989dec3668fa9155f7bce34a694,unknown,2026-05-15T08:36:04.032674Z,2026-05-15T10:35:53.852Z,0.19,405.08,0.79,0.12,405.27,0.91,406.18
12209457c55ca6d30ee3db826e2ce8678cf1a46ca49a0929911a46c3068c1c82e9be,reward_coupon,2026-05-15T08:36:18.489945Z,2026-05-15T10:35:53.859Z,0.19,2.18,0.79,0.12,2.37,0.91,3.28
12209c4a2090c94734347d49581f4a65e9c64c6ecf2039fbe5cbf9a16b5f1a165842,unknown,2026-05-15T08:36:52.565090Z,2026-05-15T10:35:53.878Z,0.19,405.19,0.79,0.12,405.39,0.91,406.30
122034b306372df1cbb02adf2ac9c9f68970833eba85d28e599965fcf90fe3bca87e,unknown,2026-05-15T08:36:55.333913Z,2026-05-15T10:35:53.938Z,0.19,404.77,0.79,0.12,404.96,0.91,405.87
1220cc3d49136dc6fb412664cb47ef0a26118de6c2b07fff858de69ba3b653610359,unknown,2026-05-15T08:37:05.440824Z,2026-05-15T10:35:53.953Z,0.19,405.19,0.79,0.12,405.39,0.91,406.29
1220b47a64718c6eea9626bf84005e53f82d6a1c6880c34d470978a7ce0c2513238c,unknown,2026-05-15T08:37:09.048295Z,2026-05-15T10:35:53.973Z,0.19,405.05,0.79,0.12,405.25,0.91,406.16
1220a66ffd280dfa4f8ba2378acb5645330c556ee45464b0c1ae089513b601324bf8,unknown,2026-05-15T08:37:09.976354Z,2026-05-15T10:35:53.980Z,0.19,405.08,0.79,0.12,405.27,0.91,406.18
12201f2ccec48cc62b104a18e84679ec194fb5879379ec567b8075ddf121ef195f67,unknown,2026-05-15T08:37:10.898229Z,2026-05-15T10:35:54.003Z,0.19,404.77,0.79,0.12,404.96,0.91,405.87
1220955a17dec8f512c92df6535961edc7158991aa6a9e358d6b43b2e868b4c9b3d9,validator_reward_coupon,2026-05-15T08:38:12.834443Z,2026-05-15T10:35:54.046Z,0.19,4.98,0.79,0.12,5.17,0.91,6.08
1220b929a868e2c6f297d9b6d34a3072cc6305cee15bdcf9934dd4b40f801ea95fad,unknown,2026-05-15T08:38:47.670232Z,2026-05-15T10:35:54.074Z,0.19,404.77,0.79,0.12,404.96,0.91,405.87
1220dacc32c8f67901d6eb805159c022fb4f88d734f6cb3b82109d93f16bc1670bc8,unknown,2026-05-15T08:38:51.972701Z,2026-05-15T10:35:54.095Z,0.19,405.19,0.79,0.12,405.39,0.91,406.29
1220d333db30fbed8e2e9e653722d8511ad0f9024f144f24c9c8cdcec57491512465,unknown,2026-05-15T08:38:52.581836Z,2026-05-15T10:35:54.100Z,0.19,405.08,0.79,0.12,405.27,0.91,406.18
12209ba88a325d1cc8aec39577807220d1465ea04431f09782e83cca2585be257e94,unknown,2026-05-15T08:39:00.470857Z,2026-05-15T10:35:54.125Z,0.19,404.77,0.79,0.12,404.96,0.91,405.87
1220a14a09b218dadcb7915cf0b7978a6bf356ef1bc7d926adc6a64ef6ec9170b429,unknown,2026-05-15T08:39:04.012315Z,2026-05-15T10:35:54.170Z,0.19,405.19,0.79,0.12,405.39,0.91,406.30
122000d1ba0e1d8ec689d7fa72f0e13e4ee08dd834ca4fa7750178e659d9ea6c9035,unknown,2026-05-15T08:39:06.120229Z,2026-05-15T10:35:54.198Z,0.19,405.05,0.79,0.12,405.25,0.91,406.16
1220a4f32d3d844c0f3a036a4cf4038e8715439b18cd679a6db0f7610d269e52b840,marker,2026-05-15T08:40:01.947397Z,2026-05-15T10:35:54.208Z,0.19,3.26,0.79,0.12,3.45,0.91,4.36
1220df6b1200d8cd298c320fc36fa839b4b6bdf80cacf85dc05e7b7ad0478fbfc17e,unknown,2026-05-15T08:39:59.662079Z,2026-05-15T10:35:54.217Z,0.19,404.77,0.79,0.12,404.96,0.91,405.87
12206f65fb06ceabf6e45ccc6dc080065ed4e00622eb95e025e7895eac13e2553375,unknown,2026-05-15T08:40:02.109189Z,2026-05-15T10:35:54.246Z,0.19,405.19,0.79,0.12,405.39,0.91,406.29
1220616e6a8fbfd534efd28293686ed269224bcb0f216ee1274195ef8822fbb91002,unknown,2026-05-15T08:40:19.939289Z,2026-05-15T10:35:54.297Z,0.19,405.19,0.79,0.12,405.39,0.91,406.30
12200b348dca40ad25c82cf039cf01acba36dbe6c508f8cf0c416a8b272945b01048,reward_coupon,2026-05-15T08:40:58.129044Z,2026-05-15T10:35:54.307Z,0.19,2.18,0.79,0.12,2.37,0.91,3.28
1220d6a7c62ff4ad5a4a5b052e78dcd3fd17ace011c2bcb95a5f58a182713e915d6d,reward_coupon,2026-05-15T08:42:05.099248Z,2026-05-15T10:35:54.319Z,0.19,4.52,0.79,0.12,4.72,0.91,5.63
1220d3944a17ecb8bb16e2e4e0a78d2cb3669d6f84f39aff7dc2b539cff81c253110,validator_liveness,2026-05-15T08:43:08.090490Z,2026-05-15T10:35:54.335Z,0.19,3.51,0.79,0.12,3.71,0.91,4.62
12207c77a5b84d9166ef75600128a63f724de1596118dd5b7148cc3a62b6e83428d0,marker,2026-05-15T08:45:01.897774Z,2026-05-15T10:35:54.357Z,0.19,3.26,0.79,0.12,3.46,0.91,4.36
1220a9bf973559efd3f1fdd21d461581f3a8ab122723e69ad54f49e37413da728e7b,reward_coupon,2026-05-15T08:45:37.048770Z,2026-05-15T10:35:54.406Z,0.19,2.18,0.79,0.12,2.37,0.91,3.28
1220b955e7fb097f6864a1dcfcb3ebb69402c79dfcaefc1d8332c75a0190c02e52c6,validator_reward_coupon,2026-05-15T08:46:18.165626Z,2026-05-15T10:35:54.414Z,0.19,4.98,0.79,0.12,5.17,0.91,6.08
1220f338e1fc0ae4139d9b50eb753ecd8e1233ebefe68c92789c9d49a90995e7db47,marker,2026-05-15T08:50:05.012918Z,2026-05-15T10:35:54.429Z,0.19,3.26,0.79,0.12,3.46,0.91,4.36
1220c271fd4dbddf3d3c612b0d3ee7cf52a8df57bfdfe5130c958f5cc24ddaaee48c,reward_coupon,2026-05-15T08:50:43.614525Z,2026-05-15T10:35:54.442Z,0.19,2.18,0.79,0.12,2.37,0.91,3.28
1220214ba46bd514471ab96a3f29f1d9263964fcdf0425a89f9f4e48b31d23e61d86,reward_coupon,2026-05-15T08:54:37.583563Z,2026-05-15T10:35:54.466Z,0.19,4.05,0.79,0.12,4.24,0.91,5.15
1220e1a3ee5b9d4b579e4a1b774bd9800bfc6e9b7355d10191972d120b8f1c61851c,validator_reward_coupon,2026-05-15T08:55:19.803126Z,2026-05-15T10:35:54.522Z,0.19,4.98,0.79,0.12,5.17,0.91,6.08
1220fb56b85a467133e0912cf6861e229b139f77dd4b40cd89c5aa24472e34f4091e,marker,2026-05-15T08:55:05.030805Z,2026-05-15T10:35:54.522Z,0.19,3.26,0.79,0.12,3.46,0.91,4.36
1220bd1f0133cd7bf0deb8b05f6eec667206989eb9026ac1370b9a41a764839e6f50,unknown,2026-05-15T08:55:40.213497Z,2026-05-15T10:35:54.550Z,0.19,405.19,0.79,0.12,405.39,0.91,406.30
1220d00635fc8d9888ecf5cca058e2c9e0296ed2b0b489bf71d9e07f97da9b16682d,unknown,2026-05-15T08:55:42.064271Z,2026-05-15T10:35:54.566Z,0.19,405.08,0.79,0.12,405.27,0.91,406.18
12205a7884111243fe4d9b11428fde767acda4c917c4e1f1e82c3d0da343b9527ab6,unknown,2026-05-15T08:55:43.340604Z,2026-05-15T10:35:54.641Z,0.19,405.05,0.79,0.12,405.25,0.91,406.15
1220ded5d0a9336f38d30d6894171eacbfb2ae1818d42deda2289fefdfd13bb9a6a0,unknown,2026-05-15T08:55:45.564631Z,2026-05-15T10:35:54.648Z,0.19,404.77,0.79,0.12,404.96,0.91,405.87
1220a7fa860f6083d43da9201463b00cd7407a4106444ed8ea5996fc8638314ec2e3,unknown,2026-05-15T08:55:45.246675Z,2026-05-15T10:35:54.651Z,0.19,405.19,0.79,0.12,405.39,0.91,406.29
1220136466e0c6cf4a5cb97a52449de52ef862353fe521a7af8306885fa332014986,unknown,2026-05-15T08:55:45.564777Z,2026-05-15T10:35:54.673Z,0.19,404.77,0.79,0.12,404.96,0.91,405.87
122090e318d4c015895d767978e26d5fc16b38cb1b892667a0ec6d396997c2be8f47,reward_coupon,2026-05-15T08:55:45.935755Z,2026-05-15T10:35:54.674Z,0.19,2.18,0.79,0.12,2.37,0.91,3.28
12209dd0893fba3fcc2dd5c4d268266049ff43d20d0aefee2c1d26d2f14c2f281249,validator_liveness,2026-05-15T08:57:43.982366Z,2026-05-15T10:35:54.753Z,0.19,3.51,0.79,0.12,3.71,0.91,4.62
12206aabb08e7a1a108cfd1c1268764bef412a3c2c7e4bebfc6f1c135826337f0600,unknown,2026-05-15T08:59:07.281513Z,2026-05-15T10:35:54.770Z,0.19,405.05,0.79,0.12,405.25,0.91,406.16
122011c41532e02699a6b8be1031dc9d01df2baadfbcf6c1b4bd91f265b069a96f8f,unknown,2026-05-15T08:59:07.274699Z,2026-05-15T10:35:54.772Z,0.19,405.08,0.79,0.12,405.27,0.91,406.18
12207f2e50ee1b9c2e3daf073981d714e9e3d23eeb7eac3c547d530efd852d46d72d,unknown,2026-05-15T08:59:52.557279Z,2026-05-15T10:35:54.796Z,0.19,404.77,0.79,0.12,404.96,0.91,405.87
12203131a6bb8c4a4fe126d77402039bfee74c3270ac633c62ce5b65d16394c32728,unknown,2026-05-15T08:59:52.557171Z,2026-05-15T10:35:54.798Z,0.19,404.77,0.79,0.12,404.96,0.91,405.87
1220024268736601bfdaf9d505c28b4644839afc800cb0ab9b51a40c05fd57df5e18,marker,2026-05-15T09:00:08.236838Z,2026-05-15T10:35:54.862Z,0.19,3.26,0.79,0.12,3.46,0.91,4.36
12206bfe932c62228b1edabc809dad5f02a56fb12ec7e3234087692e0c245b78c20b,reward_coupon,2026-05-15T09:00:22.562261Z,2026-05-15T10:35:54.878Z,0.19,2.18,0.79,0.12,2.37,0.91,3.28
1220418512c16b17bb64a4b886c6e81ba07be6773ea84ee711af62092628218c23bd,reward_coupon,2026-05-15T09:02:59.148817Z,2026-05-15T10:35:54.884Z,0.19,6.90,0.79,0.12,7.09,0.91,8.00
12209d4d242a18873b915d3278abfec47541541cc185cbb4c634e6a39108d5735c7e,unknown,2026-05-15T09:03:10.453314Z,2026-05-15T10:35:54.920Z,0.19,404.77,0.79,0.12,404.96,0.91,405.87
12200711a906b7978ffd40229daa763022d2f479c6fe5be073f3e71d1237e3243ff5,unknown,2026-05-15T09:03:12.022270Z,2026-05-15T10:35:54.924Z,0.19,404.77,0.79,0.12,404.96,0.91,405.87
12208b696fc47e86258a300fd365ddfdb9bb0524cee8aca49261721c61810c9a9904,unknown,2026-05-15T09:03:13.672625Z,2026-05-15T10:35:54.985Z,0.19,405.08,0.79,0.12,405.27,0.91,406.18
12209654fa72633cc68329851dfa208889e50d5a506159b4e061a9e0db90d91ae1fd,validator_liveness,2026-05-15T09:04:15.084425Z,2026-05-15T10:35:54.991Z,0.19,3.51,0.79,0.12,3.71,0.91,4.62
12208d5579901ddf16e2e73fb530870380b137779649054ed3e3e14b263bba79b204,unknown,2026-05-15T09:03:31.769212Z,2026-05-15T10:35:55.005Z,0.19,405.05,0.79,0.12,405.24,0.91,406.15
12209b161ae27b0c50d6b977531f8f4086214c9b04ea9d2527843cf70072adab0c0e,marker,2026-05-15T09:05:12.230426Z,2026-05-15T10:35:55.030Z,0.19,3.26,0.79,0.12,3.46,0.91,4.37
12203c93ac30dbdcbd6a03ce7e3fb55d4b66d3793bee6d06c881c14aaa6c9e5a22a1,reward_coupon,2026-05-15T09:06:14.185364Z,2026-05-15T10:35:55.031Z,0.19,2.18,0.79,0.12,2.37,0.91,3.28
122017449c7545a81349fddff33ca352c0976bf377e74af6e6740cbbed5b9a14df9b,marker,2026-05-15T09:10:11.413740Z,2026-05-15T10:35:55.093Z,0.19,3.26,0.79,0.12,3.46,0.91,4.36
12200d719d305e8daa0bb5a81dd15954f8cac64070189fd7bd689a6d45e73aa5e8dd,reward_coupon,2026-05-15T09:10:42.161660Z,2026-05-15T10:35:55.099Z,0.19,2.18,0.79,0.12,2.37,0.91,3.28
1220c8b4a244f7c17b598fb2fcad09685239b1e1535022365b306d1716b2f55dd785,reward_coupon,2026-05-15T09:13:58.905421Z,2026-05-15T10:35:55.116Z,0.19,6.90,0.79,0.12,7.09,0.91,8.00
1220c77d3cdec2a3bd14449a8e517d689c298e8df016955c0687840652371c239947,unknown,2026-05-15T09:14:16.535120Z,2026-05-15T10:35:55.153Z,0.19,405.19,0.79,0.12,405.39,0.91,406.29
1220dedfcd53119c3e0ed096077beaa3340669b8e38fb453afe50dafab1407e26ced,unknown,2026-05-15T09:14:17.039980Z,2026-05-15T10:35:55.155Z,0.19,404.77,0.79,0.12,404.96,0.91,405.87
1220faf6d0c47d475496e79d14ede0b9e89ff245324e17ecc52462f77993d4da5a74,unknown,2026-05-15T09:14:20.651456Z,2026-05-15T10:35:55.217Z,0.19,405.05,0.79,0.12,405.25,0.91,406.16
122065df525bfb1b45b964bc0e29523cade173eca1e7f47df31b8808a67301a31470,unknown,2026-05-15T09:14:20.651741Z,2026-05-15T10:35:55.222Z,0.19,405.19,0.79,0.12,405.39,0.91,406.30
122066eefc735694b90dff397d0970839188804145b53b5ef0c5ae06b5c7806ad841,unknown,2026-05-15T09:14:21.658310Z,2026-05-15T10:35:55.241Z,0.19,405.08,0.79,0.12,405.27,0.91,406.18
1220358684d21513431b4b6049f856fe4c2bd324d3ed9914b8f4291f79ca64027eff,unknown,2026-05-15T09:14:21.658566Z,2026-05-15T10:35:55.278Z,0.19,404.72,0.79,0.12,404.91,0.91,405.82
122092dbe53f286e90b79409c7168d26bb330bd6c461bcf53239e342ced781fc8f32,unknown,2026-05-15T09:15:07.202908Z,2026-05-15T10:35:55.280Z,0.19,405.19,0.79,0.12,405.39,0.91,406.30
1220b1686ada96c330670fb313c938229fce40684d703f392bc700e99f601c334d98,unknown,2026-05-15T09:15:08.212752Z,2026-05-15T10:35:55.339Z,0.19,404.77,0.79,0.12,404.96,0.91,405.87
12202079b42ee9f9efcb522dacbbef6fe328d849e41d3e47f3257952231256536236,unknown,2026-05-15T09:15:08.805001Z,2026-05-15T10:35:55.344Z,0.19,405.19,0.79,0.12,405.39,0.91,406.30
12206a6d18002d92106ff86eb30b2f1256e84dea637e419c5725a6a293ae21ed9e89,marker,2026-05-15T09:15:24.005421Z,2026-05-15T10:35:55.348Z,0.19,3.26,0.79,0.12,3.46,0.91,4.36
1220c19ef951fb276e3ac8b7505fee56274a3732bd5581df3cd39ba13443c3b61de5,unknown,2026-05-15T09:15:24.493166Z,2026-05-15T10:35:55.415Z,0.19,405.05,0.79,0.12,405.25,0.91,406.16
1220362d7043e8a9966b9e492a9c7f0a0099938824b81f833f773cb133bb35bff858,unknown,2026-05-15T09:15:24.798781Z,2026-05-15T10:35:55.418Z,0.19,404.77,0.79,0.12,404.96,0.91,405.87
12203300aa37f3d6376927442707f0cd83af7643a21623bc1ca02a5e92413dccde5e,reward_coupon,2026-05-15T09:15:48.548490Z,2026-05-15T10:35:55.452Z,0.19,2.18,0.79,0.12,2.37,0.91,3.28
12207e315717a1f647ba2b4ef830a0de7472b0b8a044924965c1f6dd03fee99176c1,unknown,2026-05-15T09:15:27.209699Z,2026-05-15T10:35:55.461Z,0.19,405.08,0.79,0.12,405.27,0.91,406.18
122080aa48582cd6f7013efcbcbe1beec7b114211395971dc02006091c71d43365fa,unknown,2026-05-15T09:16:13.351574Z,2026-05-15T10:35:55.468Z,0.19,405.19,0.79,0.12,405.39,0.91,406.29
12205b5c7b9b5bac8598c8b04db3f0b95a9710a7d2580bf93aafbb6dc2ecc99fc24e,unknown,2026-05-15T09:16:16.011359Z,2026-05-15T10:35:55.538Z,0.19,405.19,0.79,0.12,405.39,0.91,406.30
12208385e6ecada4d7886672d036bd6b59280d867239fbe6c99e1b18d865f4f5cf89,unknown,2026-05-15T09:16:26.878223Z,2026-05-15T10:35:55.541Z,0.19,404.77,0.79,0.12,404.96,0.91,405.87
122014bbc28d76789b35c85532ad55cb54ac830731fce7e448010b3d52099e0e8adc,unknown,2026-05-15T09:16:33.212203Z,2026-05-15T10:35:55.575Z,0.19,405.08,0.79,0.12,405.27,0.91,406.18
122045c3747f883268871644671122c52e3bbc753163a67ca3eda50acea7dffc3d2a,unknown,2026-05-15T09:16:43.627329Z,2026-05-15T10:35:55.587Z,0.19,404.72,0.79,0.12,404.91,0.91,405.82
122076ad1502c04f53133c6e3c6852a58901e18ffba558a09d1c078360343bedc1f8,unknown,2026-05-15T09:16:46.400590Z,2026-05-15T10:35:55.591Z,0.19,405.05,0.79,0.12,405.25,0.91,406.15
1220869052c0e7722136c195ceaff7b85b7e271e0bd3af92e0cf4d45d91a205ff5fd,unknown,2026-05-15T09:17:33.118558Z,2026-05-15T10:35:55.665Z,0.19,405.19,0.79,0.12,405.39,0.91,406.30
122034210f2ebf00a3e87eb8795a7cd1e6a293959c88d6267586412961fc0b71dfb5,unknown,2026-05-15T09:17:41.524647Z,2026-05-15T10:35:55.667Z,0.19,405.19,0.79,0.12,405.39,0.91,406.29
122016bddaaf0db50eac5ed04a337aba88f92360679d670c17378f6ebf86b860ef98,unknown,2026-05-15T09:17:48.585153Z,2026-05-15T10:35:55.697Z,0.19,404.77,0.79,0.12,404.96,0.91,405.87
1220125fc7687194b89ca2e12a4d58c950d2f2bc26dae67536d923351060f264445c,unknown,2026-05-15T09:17:49.193890Z,2026-05-15T10:35:55.712Z,0.19,405.05,0.79,0.12,405.25,0.91,406.16
1220e2a00b7671988234569bce2b9101e138b896612ac621beee837b10d7f41f1cb0,unknown,2026-05-15T09:17:51.298579Z,2026-05-15T10:35:55.714Z,0.19,404.77,0.79,0.12,404.96,0.91,405.87
12200c61d2f87c57bfd6d5c1d6ae01b71310cb40e7f203d3aaf6854be169d62bbe05,validator_reward_coupon,2026-05-15T09:18:27.200814Z,2026-05-15T10:35:55.779Z,0.19,4.98,0.79,0.12,5.17,0.91,6.08
12203dba8f4915828e5dbe2ce395d49c18393256832303c2ab495b5062e10bb77c2e,unknown,2026-05-15T09:17:51.880234Z,2026-05-15T10:35:55.789Z,0.19,405.08,0.79,0.12,405.27,0.91,406.18
12200ef98613e3e1f93b24bbbb38f832fb24e327e832ca36d913e8bce3896488ef93,unknown,2026-05-15T09:18:34.978014Z,2026-05-15T10:35:55.822Z,0.19,405.19,0.79,0.12,405.39,0.91,406.30
1220db4a8d00917b4cc950401eedc4fedd75dd0ab21e76891e771ba0dd71f43c208f,unknown,2026-05-15T09:18:47.635106Z,2026-05-15T10:35:55.834Z,0.19,405.19,0.79,0.12,405.39,0.91,406.30
1220d0fb77efdf3ac1b73075b86212775890105bd0f60cb45b6302cff4bbc7eb0ee7,unknown,2026-05-15T09:18:51.490427Z,2026-05-15T10:35:55.841Z,0.19,404.77,0.79,0.12,404.96,0.91,405.87
12206706719c4b5230a1d9dcc6b1c56a505645157bf6a8c8eb21f83c5f4fb1ccd52d,unknown,2026-05-15T09:18:52.517702Z,2026-05-15T10:35:55.901Z,0.19,404.72,0.79,0.12,404.91,0.91,405.82
12206d696fa0a8438405d7263a0d0f455cc1b0410f877aaeafd610f6aef93cb3bb3e,unknown,2026-05-15T09:18:54.166017Z,2026-05-15T10:35:55.917Z,0.19,405.05,0.79,0.12,405.25,0.91,406.16
12203b89f7cc0e331321e6fe29155f8a24fcacaefa22d1ca69b6f968c4453222ff4e,unknown,2026-05-15T09:18:56.781383Z,2026-05-15T10:35:55.944Z,0.19,405.08,0.79,0.12,405.27,0.91,406.18
122028644f1ea1135c35701f7165233968400e16edbb30124a0308e885e38353463b,unknown,2026-05-15T09:20:00.474014Z,2026-05-15T10:35:55.959Z,0.19,404.77,0.79,0.12,404.96,0.91,405.87
1220612d9a98f32707524b010dd26849296faaa218a9e17ecc48a3fdb755c9917fa4,unknown,2026-05-15T09:20:02.019758Z,2026-05-15T10:35:55.964Z,0.19,405.19,0.79,0.12,405.39,0.91,406.30
12206bab2f24cac572a923ae7b9adb97d78514653ccb8c28074977fe31fcc5239fb5,unknown,2026-05-15T09:20:03.173791Z,2026-05-15T10:35:56.024Z,0.19,404.77,0.79,0.12,404.96,0.91,405.87
12208be1abc8644869c4b7d62c9f42ae62508291cc580eaaa6d8ac7d5cb59eedfca2,unknown,2026-05-15T09:20:04.020833Z,2026-05-15T10:35:56.039Z,0.19,405.08,0.79,0.12,405.27,0.91,406.18
122065115bf50c8badea89579d5e420f575dee0ed1f7cb93f5596ecde7b2ebd21e64,unknown,2026-05-15T09:20:05.583294Z,2026-05-15T10:35:56.066Z,0.19,405.05,0.79,0.12,405.25,0.91,406.16
1220d34d49b9634ec1f8927ac0ad85de7d451b2ce7065eb7e9f803d6caa1afe1a53a,marker,2026-05-15T09:20:27.176037Z,2026-05-15T10:35:56.072Z,0.19,3.26,0.79,0.12,3.46,0.91,4.36
12203e858874f7361df24181167e6492d4f1821415862fb2adc5d062c304cfc1ae7e,unknown,2026-05-15T09:20:06.040517Z,2026-05-15T10:35:56.087Z,0.19,405.19,0.79,0.12,405.39,0.91,406.29
1220efe62fcd3706e13a9fb1e6ff0bfcdd0c7908d722a3e782c31087804cc4812bec,validator_liveness,2026-05-15T09:20:37.870542Z,2026-05-15T10:35:56.144Z,0.19,3.51,0.79,0.12,3.71,0.91,4.62
1220be8ae1b0cb5aaa095c05f31b535010c1918576688a34180a82282e5e028f641c,unknown,2026-05-15T09:20:51.206991Z,2026-05-15T10:35:56.162Z,0.19,405.19,0.79,0.12,405.39,0.91,406.30
1220948b545518eb61342a799812b3dc08a0ca5b2c7d232431334f332ef84d5a4e4e,unknown,2026-05-15T09:20:59.116313Z,2026-05-15T10:35:56.191Z,0.19,405.08,0.79,0.12,405.27,0.91,406.18
1220805bfa078a5fe744f1e373c147506f4a67899f5f1686ea5820137a377994b2ca,unknown,2026-05-15T09:21:02.428825Z,2026-05-15T10:35:56.196Z,0.19,405.05,0.79,0.12,405.25,0.91,406.16
1220735e0111dd7fedb718f53463b8e9d2f41c410525db6c46c5ffae1f39f793fbad,unknown,2026-05-15T09:21:04.763343Z,2026-05-15T10:35:56.210Z,0.19,404.72,0.79,0.12,404.91,0.91,405.82
12208d6ac1165cc0150ec55f0f5ce5d925b1cf708bd8503bb0fd35b912bc3fd4f2a8,reward_coupon,2026-05-15T09:21:06.002745Z,2026-05-15T10:35:56.252Z,0.19,2.18,0.79,0.12,2.37,0.91,3.28
12205b3f62f2f53e52a2b3f767e99b6e9d655810949525469b470dd89c7accebff25,unknown,2026-05-15T09:21:06.812792Z,2026-05-15T10:35:56.289Z,0.19,404.77,0.79,0.12,404.96,0.91,405.87
1220db8af7c3535d9fdf48b19911c5d7b1701c89ee404f6a1b0ff1d5d52c3538e69d,unknown,2026-05-15T09:21:18.192665Z,2026-05-15T10:35:56.317Z,0.19,405.19,0.79,0.12,405.39,0.91,406.30
1220aa7d82833b26ea2b754913070daadff4a33acad410bc6ea5a5261a412e26927a,unknown,2026-05-15T09:21:56.723331Z,2026-05-15T10:35:56.321Z,0.19,405.19,0.79,0.12,405.39,0.91,406.29
122070aa8107a97a45d8a28cecf744ae5b53d0d3051fec5c4e3a171b9072f32938a0,unknown,2026-05-15T09:21:57.658373Z,2026-05-15T10:35:56.333Z,0.19,405.08,0.79,0.12,405.27,0.91,406.18
1220974cdf0e02739a13990c34e77ba2e119067222d4047d5d74031b417399d0ca60,unknown,2026-05-15T09:22:12.661522Z,2026-05-15T10:35:56.373Z,0.19,404.77,0.79,0.12,404.96,0.91,405.87
122041a04fc1325a6903a91e3ff222a5bc6d0a173611a9afd268d94161330affd65d,unknown,2026-05-15T09:22:13.853916Z,2026-05-15T10:35:56.410Z,0.19,405.05,0.79,0.12,405.25,0.91,406.16
1220fa12de729980d6b033e64a35072e86069db498d7ca06b4895f114938c4153eb7,unknown,2026-05-15T09:22:20.256372Z,2026-05-15T10:35:56.438Z,0.19,404.77,0.79,0.12,404.96,0.91,405.87
1220b4e3e88af0d20cf46b6b2ffd10372acf3c2ff607b2aa820245f242583db36316,unknown,2026-05-15T09:22:27.155763Z,2026-05-15T10:35:56.440Z,0.19,405.19,0.79,0.12,405.39,0.91,406.29
1220cfa81f61fed07016ad39383eba1abf3b89bcb19338ece751814e156617c862c2,unknown,2026-05-15T09:23:37.394013Z,2026-05-15T10:35:56.455Z,0.19,405.19,0.79,0.12,405.39,0.91,406.30
12205ada8b4b1c1b1d4e2296502ceb9b53c64895600b2b161c858a3a3a8e60ccfb34,unknown,2026-05-15T09:23:39.196232Z,2026-05-15T10:35:56.498Z,0.19,405.08,0.79,0.12,405.27,0.91,406.18
1220dcadc789e0aefc27a68a2583394e2126a7a32083e01c5d56896838b762f6c21c,unknown,2026-05-15T09:23:39.963887Z,2026-05-15T10:35:56.535Z,0.19,405.05,0.79,0.12,405.25,0.91,406.15
12203ed44efd87577ac7a0cd1e2467bea822f19d4d3fdc5165c864d6d00b2c3a1d80,unknown,2026-05-15T09:23:40.249428Z,2026-05-15T10:35:56.560Z,0.19,404.72,0.79,0.12,404.91,0.91,405.82
12206c8632e88065391f7a58ddc1f0c5d701c27433a001e862b2d195837b18fdc981,unknown,2026-05-15T09:23:41.530947Z,2026-05-15T10:35:56.562Z,0.19,404.77,0.79,0.12,404.96,0.91,405.87
122095befd368271704167ad4c6a3d6364b146d1342ac1fcb73f2477fb6c9bf67c4d,unknown,2026-05-15T09:23:47.524923Z,2026-05-15T10:35:56.576Z,0.19,405.19,0.79,0.12,405.39,0.91,406.30
1220f49e437563263532a67f08d3c8d83b9c2deb374d5d2b8f95f849e2ae15906473,reward_coupon,2026-05-15T09:23:58.712592Z,2026-05-15T10:35:56.607Z,0.19,7.37,0.79,0.12,7.57,0.91,8.47
1220531d1e40ade0050885c8dbed33395091c5f0a08999074c61cc5a97bf4de6e5a0,unknown,2026-05-15T09:24:25.525158Z,2026-05-15T10:35:56.662Z,0.19,405.05,0.79,0.12,405.25,0.91,406.16
12206b982fbe7d0325a461b7580a3d07ee53cb4e56a8fb8e4b009b75fdc82945e2b5,unknown,2026-05-15T09:24:29.108937Z,2026-05-15T10:35:56.681Z,0.19,404.77,0.79,0.12,404.96,0.91,405.87
1220181ea732230cc77abae81fc295f058d02cff98f70e1256e5598db2a71addd71a,unknown,2026-05-15T09:24:28.528204Z,2026-05-15T10:35:56.684Z,0.19,404.77,0.79,0.12,404.96,0.91,405.87
1220e5ad7b6aa82bbd87d577b429bbf69e8f32f7162a165e6c79181787d7760e3da1,validator_liveness,2026-05-15T09:24:35.355326Z,2026-05-15T10:35:56.686Z,0.19,3.51,0.79,0.12,3.71,0.91,4.62
12206f01d19a59392c4a56803d7aa73287f2b177fc40f34ee06c59b37718a8e0ce1d,unknown,2026-05-15T09:24:39.972667Z,2026-05-15T10:35:56.787Z,0.19,405.08,0.79,0.12,405.27,0.91,406.18
122025e270a12e23304e180a7c9f33746fe0d5e5f0f894903c33a3e1a01a31bb8c96,unknown,2026-05-15T09:24:46.105923Z,2026-05-15T10:35:56.791Z,0.19,405.19,0.79,0.12,405.39,0.91,406.30
12204085601735b69071373939c1a45b4e8b91d4bc65c976d60d069e4933b6bc5b82,unknown,2026-05-15T09:25:21.773966Z,2026-05-15T10:35:56.805Z,0.19,404.72,0.79,0.12,404.91,0.91,405.82
1220082697c96110cd66bba24d0652c43b46f93bb28e0d1916144aacce68fbe25488,unknown,2026-05-15T09:25:25.177556Z,2026-05-15T10:35:56.807Z,0.19,405.05,0.79,0.12,405.25,0.91,406.15
1220450287490bc2bcdd7526bcfbb670b2bbb2c789ac6a543ed28f09d760184df6a8,unknown,2026-05-15T09:24:48.627735Z,2026-05-15T10:35:56.809Z,0.19,405.19,0.79,0.12,405.39,0.91,406.30
1220594eee3d11880f1faccbe96d2383a6d57db40b924ffd0ea8d5893629ebab9a72,marker,2026-05-15T09:25:29.900862Z,2026-05-15T10:35:56.901Z,0.19,3.26,0.79,0.12,3.46,0.91,4.37
12204e9256e0537265205065d54f4ff35102311f00be542b7f1b8e7c0b7c5d354740,unknown,2026-05-15T09:25:25.969597Z,2026-05-15T10:35:56.915Z,0.19,404.77,0.79,0.12,404.96,0.91,405.87
1220c5bf22e935d2e2322f11e8d1242560e3d4b7d4cc5d3faaef5700f437975a2eef,unknown,2026-05-15T09:25:36.568321Z,2026-05-15T10:35:56.940Z,0.19,405.08,0.79,0.12,405.27,0.91,406.18
1220d5ecb12e683eacb2faf5925fd66cdedbf0015097c84112552a55ed155f949e05,unknown,2026-05-15T09:25:45.600125Z,2026-05-15T10:35:56.946Z,0.19,405.19,0.79,0.12,405.39,0.91,406.30
12209179c35466235d845584278f1a4c174a2a59d431bccea455638f180aeb6335e1,unknown,2026-05-15T09:25:56.106730Z,2026-05-15T10:35:56.952Z,0.19,405.19,0.79,0.12,405.39,0.91,406.30
122000c440f58601779dcc3082f2f85fc528dd01410e47a01a371f5c6ace64309fd7,unknown,2026-05-15T09:26:07.571817Z,2026-05-15T10:35:57.028Z,0.19,404.77,0.79,0.12,404.96,0.91,405.87
12207a91b7def7784918b0244fa16d3f766f71087fa88e7c26ad6e0ceca66d0bd190,unknown,2026-05-15T09:26:16.236911Z,2026-05-15T10:35:57.044Z,0.19,405.05,0.79,0.12,405.25,0.91,406.16
122039c42062fa9ef94d44f0fc73d3a983e5aebb3df77ecba6e0e49d7136725b4dec,reward_coupon,2026-05-15T09:26:29.902517Z,2026-05-15T10:35:57.066Z,0.19,2.18,0.79,0.12,2.37,0.91,3.28
1220ddbda8f9bea9fb898698c6f4d9146ddd118303d7fe846add764b22dce0c59b47,unknown,2026-05-15T09:26:18.862673Z,2026-05-15T10:35:57.080Z,0.19,404.77,0.79,0.12,404.96,0.91,405.87
122058d11d349652e31abebf4146692fc37685cd55a069a9776fcbabab9a88df2e1c,unknown,2026-05-15T09:26:24.118105Z,2026-05-15T10:35:57.083Z,0.19,405.08,0.79,0.12,405.27,0.91,406.18
122080d96abc362ffe646c909d930617a728c7175546851b9fdbdc843ea8ef878e3c,unknown,2026-05-15T09:26:38.764368Z,2026-05-15T10:35:57.151Z,0.19,405.19,0.79,0.12,405.39,0.91,406.30
1220730b94f88fddf64103fef4ab7719f922bafa461a1cd329efdd767c285650815b,unknown,2026-05-15T09:26:42.277624Z,2026-05-15T10:35:57.172Z,0.19,405.19,0.79,0.12,405.39,0.91,406.30
1220fd8d9b0c8a0b8341bcacc1bce3cea69150728ebace74753f44883a731e4dad43,unknown,2026-05-15T09:27:00.840524Z,2026-05-15T10:35:57.197Z,0.19,404.77,0.79,0.12,404.96,0.91,405.87
1220994b3d5a3d0500c94520a1ceb0ed4e339ea87396fb1b037240a3db2dba8eac55,unknown,2026-05-15T09:27:01.790894Z,2026-05-15T10:35:57.205Z,0.19,405.05,0.79,0.12,405.25,0.91,406.16
1220393ff81b6f7f6ee50f6e05884800fec98ec854bce617b131aee3018e9a74a4b6,unknown,2026-05-15T09:27:05.142512Z,2026-05-15T10:35:57.208Z,0.19,404.72,0.79,0.12,404.91,0.91,405.82
12202c0c06cb8de2627f399dc52fc5e4ad0de93573030cc8c7bd11583b63e29d7621,unknown,2026-05-15T09:27:14.708621Z,2026-05-15T10:35:57.276Z,0.19,405.08,0.79,0.12,405.27,0.91,406.18
12206fe211924374568c7f0a2693f735e3e608bef64f88e3abc7975a9977e47bf4f3,unknown,2026-05-15T09:27:30.946006Z,2026-05-15T10:35:57.297Z,0.19,405.19,0.79,0.12,405.39,0.91,406.30
12206dd01ef317097ff5f7805fbb9dd04f2e98e003ea11ee8fe5e45e6f60e97d6077,unknown,2026-05-15T09:27:54.953728Z,2026-05-15T10:35:57.322Z,0.19,405.19,0.79,0.12,405.39,0.91,406.30
12209fcff2845efa8a335bc9c8835fe8e5fecf225b5527608972879ee6f53406ea03,unknown,2026-05-15T09:27:57.802043Z,2026-05-15T10:35:57.330Z,0.19,404.77,0.79,0.12,404.96,0.91,405.87
1220a9411ce4636a965d77d07914e14d732f152a2fb437a94c173a237aaf15d51aef,unknown,2026-05-15T09:28:00.724172Z,2026-05-15T10:35:57.332Z,0.19,405.05,0.79,0.12,405.25,0.91,406.15
1220e0db21c126d8675a054d8f58aba6ddebac983aa4288b63587cd1b0314a7b205f,validator_reward_coupon,2026-05-15T09:28:10.702011Z,2026-05-15T10:35:57.389Z,0.19,4.98,0.79,0.12,5.17,0.91,6.08
12208e55faf7fe99f64ec4b390210107881e37a1d6bd606d0f112730712894e7f8ec,unknown,2026-05-15T09:28:14.624728Z,2026-05-15T10:35:57.419Z,0.19,404.77,0.79,0.12,404.96,0.91,405.87
12204c760e079b06c6d876c4f55b6a11e15be4a7019f6ed83350b44f381f34775acb,unknown,2026-05-15T09:28:45.616106Z,2026-05-15T10:35:57.446Z,0.19,405.08,0.79,0.12,405.27,0.91,406.18
122072ec005b6d257980d108bb776c9440f09bf3a7139531364e48717b01118e8aa4,unknown,2026-05-15T09:28:56.118661Z,2026-05-15T10:35:57.454Z,0.19,405.19,0.79,0.12,405.39,0.91,406.30
1220a5c51734540e20b7584aad1d27fcb48c0aa554cb33725568fb662a8295fd459c,unknown,2026-05-15T09:28:57.523347Z,2026-05-15T10:35:57.458Z,0.19,405.19,0.79,0.12,405.39,0.91,406.30
12205966e73894413f35723f5146c5df74868459a3d039ab69e62554d9e42b58cebf,unknown,2026-05-15T09:29:32.926684Z,2026-05-15T10:35:57.517Z,0.19,404.77,0.79,0.12,404.96,0.91,405.87
1220edcb87d9889a9ffda9c805337951d98629226793d85db7d2f6374f232a1e23c7,unknown,2026-05-15T09:29:48.157246Z,2026-05-15T10:35:57.542Z,0.19,405.05,0.79,0.12,405.25,0.91,406.16
1220ec8057942d8a25aedc70c6bda30e93f52ec8f5b192d9a7fa87808b2bd95199e5,unknown,2026-05-15T09:29:55.346439Z,2026-05-15T10:35:57.570Z,0.19,404.72,0.79,0.12,404.91,0.91,405.82
1220901aa32ac99aa1636b0c9dd397371004dd174c13126f753384c6e03ed5d8a39d,unknown,2026-05-15T09:29:56.222783Z,2026-05-15T10:35:57.577Z,0.19,405.08,0.79,0.12,405.27,0.91,406.18
122072141fccdf3bf149a1168d9da0879096b3f79a96d9e726d27884135e8d77a253,unknown,2026-05-15T09:30:10.810931Z,2026-05-15T10:35:57.580Z,0.19,405.19,0.79,0.12,405.39,0.91,406.29
122033ca3b931417025f0adb90129d54f324a803fdd635d64432549c175087569c07,unknown,2026-05-15T09:30:23.241811Z,2026-05-15T10:35:57.639Z,0.19,405.19,0.79,0.12,405.39,0.91,406.30
122072a885d15a5cdd749519ebcb10fc2a6f64a9d84cfd4ef00fe2aa3b988f81e865,marker,2026-05-15T09:30:32.238537Z,2026-05-15T10:35:57.650Z,0.19,3.26,0.79,0.12,3.46,0.91,4.36
12207a59cfdfe4503591b2c5297cb23d58744238a6d3cb791697c0647e49a9dd90ef,reward_coupon,2026-05-15T09:31:23.308318Z,2026-05-15T10:35:57.681Z,0.19,2.18,0.79,0.12,2.37,0.91,3.28
12200681ca98f594ea92109bb8fda436dc3870926e9cc5d9568c52e35cc20ddcd3fe,unknown,2026-05-15T09:31:23.656722Z,2026-05-15T10:35:57.699Z,0.19,404.77,0.79,0.12,404.96,0.91,405.87
1220d2c170b0c164a113f4cf945bda8286af1d487c12e621f6dbe702dc6f5db23f85,unknown,2026-05-15T09:31:26.321543Z,2026-05-15T10:35:57.702Z,0.19,405.08,0.79,0.12,405.27,0.91,406.18
122018ffd5728d315e22a288b9274787d1365af05e5b6cb6230e8ecb39ecba889ef4,unknown,2026-05-15T09:31:27.729166Z,2026-05-15T10:35:57.767Z,0.19,404.77,0.79,0.12,404.96,0.91,405.87
1220d2b413db116d3b866304097c1686bd08c1c18d7b3c30dc6c5606bd6d714328ca,unknown,2026-05-15T09:31:29.064047Z,2026-05-15T10:35:57.777Z,0.19,405.05,0.79,0.12,405.25,0.91,406.16
1220a7a6176982bd4dd4b878fc47961faa6840dccf4d2eaa3cb6607fdaed517dfa43,unknown,2026-05-15T09:31:31.623596Z,2026-05-15T10:35:57.806Z,0.19,405.19,0.79,0.12,405.39,0.91,406.30
1220b72def6997e06b77779cc16662ea606697cb612c2c9f0349377b9f49efcfea03,unknown,2026-05-15T09:31:32.546086Z,2026-05-15T10:35:57.823Z,0.19,405.19,0.79,0.12,405.39,0.91,406.30
12205812aaad7efeaa4e87ba14c2b61a18eb897207584c67878016cb7e61ba1244d6,unknown,2026-05-15T09:32:06.596934Z,2026-05-15T10:35:57.826Z,0.19,405.08,0.79,0.12,405.27,0.91,406.18
12209dc5649e853dda262d8ee816a32ce6a328093ad6ca117bf608fd39c95c3a7e31,unknown,2026-05-15T09:32:11.933762Z,2026-05-15T10:35:57.901Z,0.19,405.19,0.79,0.12,405.39,0.91,406.30
12204f51d3fb9cf7523685c908eacd68c2f5496c8b2101395788357a1d139bfd515e,unknown,2026-05-15T09:32:17.217319Z,2026-05-15T10:35:57.907Z,0.19,404.77,0.79,0.12,404.96,0.91,405.87
1220e0d6519de681591d50b9442931461282ee11160d2cfcb0f3b12bc7abfaef5f82,unknown,2026-05-15T09:32:21.059430Z,2026-05-15T10:35:57.929Z,0.19,405.19,0.79,0.12,405.39,0.91,406.30
1220ef1b1df2d85594ea02bc8c3ec6a0da82e71497d53d1d11e07e30e21b0c67a062,validator_liveness,2026-05-15T09:32:32.905275Z,2026-05-15T10:35:57.937Z,0.19,3.51,0.79,0.12,3.71,0.91,4.62
1220d58a254a658ba666e7b5b31d17a38c281038f5f962f70ddc222544cb1e4a9545,unknown,2026-05-15T09:32:21.951993Z,2026-05-15T10:35:57.946Z,0.19,405.05,0.79,0.12,405.25,0.91,406.16
12207cf9212c2c826a718ab02048a5194195da774ae76398e7bcd285aa7fde0adb9c,unknown,2026-05-15T09:32:34.409413Z,2026-05-15T10:35:58.023Z,0.19,404.72,0.79,0.12,404.91,0.91,405.82
12201af6179b672284af890a751d30ea39686e2da62c619065062cc0a2464888449f,unknown,2026-05-15T09:33:05.272184Z,2026-05-15T10:35:58.031Z,0.19,404.77,0.79,0.12,404.96,0.91,405.87
122004f5e40e13e28cc03bae93da96aee68fc86dde8560674781324f48a77daa0618,unknown,2026-05-15T09:33:12.055698Z,2026-05-15T10:35:58.052Z,0.19,405.08,0.79,0.12,405.27,0.91,406.18
12205a38fb46705fc60c7f3554109fd5f7731f03cb1b1b58b785e409b623266c33a3,unknown,2026-05-15T09:33:31.370038Z,2026-05-15T10:35:58.059Z,0.19,405.19,0.79,0.12,405.39,0.91,406.30
1220d990cae919b526656ce6dee41ec870de79b24982f67c1ff80a8e3616bfbf401d,unknown,2026-05-15T09:33:31.070953Z,2026-05-15T10:35:58.084Z,0.19,405.19,0.79,0.12,405.39,0.91,406.29
12201926adfc5a3247b9256fdba617564d54c23cca62d364d6baac182ef2d785ac54,unknown,2026-05-15T09:33:34.408095Z,2026-05-15T10:35:58.149Z,0.19,405.05,0.79,0.12,405.25,0.91,406.15
1220dfda156c7097e9b5d380477c0541e107fb0d6c28422bb419e8eecb2c6887ab3d,unknown,2026-05-15T09:33:37.323229Z,2026-05-15T10:35:58.155Z,0.19,404.77,0.79,0.12,404.96,0.91,405.87
1220a742e840631d03495cf9f8727b973753a4ab4d2ce865038a4c842ffb18c8f305,reward_coupon,2026-05-15T09:33:39.820171Z,2026-05-15T10:35:58.162Z,0.19,6.90,0.79,0.12,7.09,0.91,8.00
122027b97955f0377b23dac4ca6a670771811b405d3d5c84bccd4f87aa4c737ab607,unknown,2026-05-15T09:33:58.021071Z,2026-05-15T10:35:58.183Z,0.19,404.77,0.79,0.12,404.96,0.91,405.87
122031cd110e95fe8fdcd4a5d9963a6a16b8fe6138dbcbc39be612388050ecc6ce38,unknown,2026-05-15T09:34:02.379470Z,2026-05-15T10:35:58.210Z,0.19,405.08,0.79,0.12,405.27,0.91,406.18
1220530aa097c3140bbca6ead6a1aa7534b3dab59a65921fec9835c2c15a1ead1192,unknown,2026-05-15T09:34:10.684538Z,2026-05-15T10:35:58.275Z,0.19,405.19,0.79,0.12,405.39,0.91,406.30
1220d7316992c615a64ccf545ad6203037578405ea8ad6a8c6491372ebd4a61e835e,unknown,2026-05-15T09:34:14.603989Z,2026-05-15T10:35:58.282Z,0.19,405.05,0.79,0.12,405.25,0.91,406.15
12206dcdd2efef2ad5bdb1c1ff4e27976427c2c87c8c3b8bb7d055db16bb2d947eba,unknown,2026-05-15T09:34:20.929103Z,2026-05-15T10:35:58.286Z,0.19,405.19,0.79,0.12,405.39,0.91,406.29
12209cdc81312844a83f47ddf4285515da59ca7fa07fdb98b383199a20cdfec58815,unknown,2026-05-15T09:34:30.385355Z,2026-05-15T10:35:58.306Z,0.19,404.72,0.79,0.12,404.91,0.91,405.82
1220b00390c6e418ab9e52f63de12678c9b88e994a48dc6dff32cdd5fdbf23451b44,unknown,2026-05-15T09:34:46.526620Z,2026-05-15T10:35:58.349Z,0.19,404.77,0.79,0.12,404.96,0.91,405.87
1220cd375e49fdc5e2289325534e11d780c302c518e4c8854b11c5350432eeae8c7b,unknown,2026-05-15T09:35:00.184892Z,2026-05-15T10:35:58.406Z,0.19,405.19,0.79,0.12,405.39,0.91,406.30
1220baeb3b94dc29f0b3b744b838d4ecac6cdc5084d5b3495423b020eb560af3988e,unknown,2026-05-15T09:34:55.144561Z,2026-05-15T10:35:58.408Z,0.19,405.08,0.79,0.12,405.27,0.91,406.18
1220ecc8f0d3aeaf6e895064e78fa851e9e4f7ff47baef252b2093c41b898e563ebd,unknown,2026-05-15T09:34:59.211978Z,2026-05-15T10:35:58.410Z,0.19,405.19,0.79,0.12,405.39,0.91,406.29
12204acc5a5c5a4aa89dbb73278a6a45bbd8bd8fe1956098eced30e1351414842d21,unknown,2026-05-15T09:35:05.783415Z,2026-05-15T10:35:58.429Z,0.19,405.05,0.79,0.12,405.25,0.91,406.16
122082cad85d5bda01527d113ff1d78a808e89b3afccf3564c4845bcbb26f7a6b571,unknown,2026-05-15T09:35:17.461227Z,2026-05-15T10:35:58.475Z,0.19,404.77,0.79,0.12,404.96,0.91,405.87
12205b36652f1cdba694c3f7882e16ed88c05bad29b3cd5302e891149dee078aa3ab,marker,2026-05-15T09:35:32.441908Z,2026-05-15T10:35:58.516Z,0.19,3.26,0.79,0.12,3.46,0.91,4.37
1220d02ccf156a09415052dfd6988d654aaaceb94e004c448a156552402cfe9d6efe,reward_coupon,2026-05-15T09:36:01.380980Z,2026-05-15T10:35:58.519Z,0.19,2.18,0.79,0.12,2.37,0.91,3.28
122097d6219345e4e6cb6933d8bc01e55f17910484d72e7c0d90913cccd7f877be7f,unknown,2026-05-15T09:35:32.338658Z,2026-05-15T10:35:58.533Z,0.19,404.77,0.79,0.12,404.96,0.91,405.87
1220b7fc4fe806a494ec7fc7b3002c7d840efd22f274337b6897e09af08952131311,unknown,2026-05-15T09:36:05.288504Z,2026-05-15T10:35:58.555Z,0.19,405.19,0.79,0.12,405.39,0.91,406.29
122029435763beddd54b5d80545cddfd370783204beff4d8132a4a642f5ad7101a66,unknown,2026-05-15T09:36:08.455810Z,2026-05-15T10:35:58.601Z,0.19,405.08,0.79,0.12,405.27,0.91,406.18
12207a7348ac1f8ad0637509a757d8680de0032306480c8b5991077c7c2600390f1c,unknown,2026-05-15T09:36:20.076006Z,2026-05-15T10:35:58.643Z,0.19,405.05,0.79,0.12,405.25,0.91,406.15
1220b12840307240060d519b2afbd61c12da72d9a711fb0d94035674ac2a81f59822,unknown,2026-05-15T09:36:17.037984Z,2026-05-15T10:35:58.653Z,0.19,405.19,0.79,0.12,405.39,0.91,406.30
12204ed9d141300d4979b368ac89035e685f232a399114948ab49d206577f7f3de41,unknown,2026-05-15T09:36:32.482931Z,2026-05-15T10:35:58.669Z,0.19,404.72,0.79,0.12,404.91,0.91,405.82
1220e857d515870ee122a5959b4a6ab690c99cffe82de62df10ed48748e1f796f927,unknown,2026-05-15T09:36:36.902054Z,2026-05-15T10:35:58.692Z,0.19,404.77,0.79,0.12,404.96,0.91,405.87
12209361451ebd29cb0985efbfd7889054281835fddcedb68f364d47d232831c6ccf,unknown,2026-05-15T09:37:11.979640Z,2026-05-15T10:35:58.731Z,0.19,405.08,0.79,0.12,405.27,0.91,406.18
12204678ffe3d902f7ebec9df270fa0e2929c07437b19e93292f341f60d9d0eb4d08,unknown,2026-05-15T09:37:14.614876Z,2026-05-15T10:35:58.765Z,0.19,405.19,0.79,0.12,405.39,0.91,406.30
1220476aec967944e5723b4635758ed6e888fe1aba9cc4aa7928671e423aa5d39702,unknown,2026-05-15T09:37:24.762655Z,2026-05-15T10:35:58.778Z,0.19,405.05,0.79,0.12,405.25,0.91,406.16
12202073215fb2b6697920c847d81608ca88597aef1010de205af8c3999148d3e6f3,unknown,2026-05-15T09:37:29.947524Z,2026-05-15T10:35:58.796Z,0.19,405.19,0.79,0.12,405.39,0.91,406.30
1220dcffab83e9bd2a184f1a9619e9c5cc7719803958a33d0ef648e3956d9230d8de,unknown,2026-05-15T09:37:39.680930Z,2026-05-15T10:35:58.816Z,0.19,404.77,0.79,0.12,404.96,0.91,405.87
12201772b41c22230e46019d814816c1356dea4611b791e7d1d56f4155a4e1df29fd,unknown,2026-05-15T09:37:43.393045Z,2026-05-15T10:35:58.855Z,0.19,404.77,0.79,0.12,404.96,0.91,405.87
1220f3bf8f4ebad655a20ce574da25c48834864f913802f263e6c11040df48ebd140,unknown,2026-05-15T09:38:19.160052Z,2026-05-15T10:35:58.893Z,0.19,405.05,0.79,0.12,405.25,0.91,406.16
1220dd3463cda461e304537824cb34dd325665c9c1215038665f946cab7f2f8a41d6,unknown,2026-05-15T09:38:19.706158Z,2026-05-15T10:35:58.904Z,0.19,405.19,0.79,0.12,405.39,0.91,406.30
12203aeaf937bea8579a4d99d2e80d538d1c34497be513c25194262b561e4ddd35e9,unknown,2026-05-15T09:38:19.993439Z,2026-05-15T10:35:58.920Z,0.19,405.08,0.79,0.12,405.27,0.91,406.18
1220dd45019f0ee2b6e08625e5d1f7570b1e0ecd605b7b43aec08fe4d9a25598b03e,unknown,2026-05-15T09:38:32.279453Z,2026-05-15T10:35:58.940Z,0.19,405.19,0.79,0.12,405.39,0.91,406.30
1220c8bcb37c68eec58dd771031a2d30e71059a67d96764f9b8a4dde5a5db7d76442,validator_reward_coupon,2026-05-15T09:38:40.382353Z,2026-05-15T10:35:58.971Z,0.19,4.98,0.79,0.12,5.17,0.91,6.08
1220a9d967334ae205b884b589556296974143de30ab85b0b9d29d5f9b1e34c72ad3,unknown,2026-05-15T09:38:48.636571Z,2026-05-15T10:35:59.017Z,0.19,404.77,0.79,0.12,404.96,0.91,405.87
1220a37888d138e433170da8355a41542e69d437d50ed99bd8bd7ef8869a3b15a418,unknown,2026-05-15T09:39:04.827299Z,2026-05-15T10:35:59.029Z,0.19,404.72,0.79,0.12,404.91,0.91,405.82
1220b8a225f0054c0962939b2f253884cf10b8e49ffa406ade5959ced99faa7bb69e,unknown,2026-05-15T09:39:31.282484Z,2026-05-15T10:35:59.042Z,0.19,405.08,0.79,0.12,405.27,0.91,406.18
122052c9e8e3193ab7e9e3ac4a200e2e42a1c28e4698a80c146c6586befdf989939c,unknown,2026-05-15T09:39:35.322035Z,2026-05-15T10:35:59.066Z,0.19,405.05,0.79,0.12,405.25,0.91,406.16
122005708e942c98174596a6cebccf92adabef4d591c5c9fb564e0ccae90a8fdb624,unknown,2026-05-15T09:39:35.033804Z,2026-05-15T10:35:59.097Z,0.19,405.19,0.79,0.12,405.39,0.91,406.30
122004e75e02cdc016e53feeea64af15fce58d936cc8eea181eb6ae5f2bb2ef4d93a,unknown,2026-05-15T09:40:04.546278Z,2026-05-15T10:35:59.159Z,0.19,404.77,0.79,0.12,404.96,0.91,405.87
1220819675d3f3fca6254e1d3902e314a01afd543c8dc5ebecfd5ebf60d42bde5f09,unknown,2026-05-15T09:39:46.298800Z,2026-05-15T10:35:59.161Z,0.19,405.19,0.79,0.12,405.39,0.91,406.30
1220c30ea20464b3e1a6611dfedd50d0a3bd0569903fd49208b044acbef522aa5c66,unknown,2026-05-15T09:40:05.985462Z,2026-05-15T10:35:59.169Z,0.19,404.77,0.79,0.12,404.96,0.91,405.87
1220dff974ffacede5d88e2164d11a77d1e3340b40dcd8cce46daa1414f3ad9e71bf,marker,2026-05-15T09:40:35.359012Z,2026-05-15T10:35:59.175Z,0.19,3.26,0.79,0.12,3.46,0.91,4.36
122090584490b069c93604f09dfb200c78820e72768ded5441d2adf1ea52f6c2ed51,unknown,2026-05-15T09:40:39.085223Z,2026-05-15T10:35:59.270Z,0.19,405.08,0.79,0.12,405.27,0.91,406.18
122020e113a4d46e393ff9030777a6a280291d9a1cbb81e0ea0978459d32d71a0268,unknown,2026-05-15T09:40:57.050004Z,2026-05-15T10:35:59.296Z,0.19,405.19,0.79,0.12,405.39,0.91,406.29
122040382f057359f3ddfb00c8bba8df5214fab469a62717a16d65a43bb7b7bf91a7,unknown,2026-05-15T09:40:46.559330Z,2026-05-15T10:35:59.301Z,0.19,405.05,0.79,0.12,405.25,0.91,406.16
1220a6fd04c5fa337aa08c935c52d41a79319be496336a92b28c0667611ffcabd051,unknown,2026-05-15T09:40:59.725503Z,2026-05-15T10:35:59.307Z,0.19,405.19,0.79,0.12,405.39,0.91,406.29
12207b816322f0488a1638de3446faba384bb718130f9b76311af473a9b5ed3d78ce,unknown,2026-05-15T09:41:31.675918Z,2026-05-15T10:35:59.311Z,0.19,404.72,0.79,0.12,404.91,0.91,405.82
122085d190bb1c2d065ad4458db44960ae82a9db84cce1ab24365808430248e8a56e,unknown,2026-05-15T09:41:32.569800Z,2026-05-15T10:35:59.393Z,0.19,404.77,0.79,0.12,404.96,0.91,405.87
1220bea4a8af23b1d3446ae13c21f9d01711a0e5043335af0698688d5aa457d1db92,reward_coupon,2026-05-15T09:41:37.118406Z,2026-05-15T10:35:59.406Z,0.19,2.18,0.79,0.12,2.37,0.91,3.28
122025c558bc32b2e3e368e0c1abc0bbd6ec30f9a627e615e3ca42f998c68f83d097,reward_coupon,2026-05-15T09:42:45.813855Z,2026-05-15T10:35:59.416Z,0.19,4.05,0.79,0.12,4.25,0.91,5.15
122095fa6239dde0a168f689f9f25c030921daf32e6b4c1c7fe68ce07285739bccb1,unknown,2026-05-15T09:42:44.747948Z,2026-05-15T10:35:59.424Z,0.19,405.08,0.79,0.12,405.27,0.91,406.18
12204cb83af47d859b5c30298601b42db2240cde6458aeb844cd584262f8becbcc3d,unknown,2026-05-15T09:42:49.006439Z,2026-05-15T10:35:59.437Z,0.19,405.05,0.79,0.12,405.25,0.91,406.15
1220a2bdacfd57db6169a1735e7a8a651f24448cb4fa9e421371a41a59593d0cf7d7,unknown,2026-05-15T09:43:02.562815Z,2026-05-15T10:35:59.526Z,0.19,405.19,0.79,0.12,405.39,0.91,406.30
12209a9203999e1aea73cf3447ef6ea269e9a5bbb92933c038b74e2b416272f697f0,unknown,2026-05-15T09:43:05.522116Z,2026-05-15T10:35:59.554Z,0.19,405.19,0.79,0.12,405.39,0.91,406.29
12200af51d33f950eccfae13ab3ff187a90d6eb9fc73f3fdf9609c5ae4d6a5b0a340,unknown,2026-05-15T09:43:18.372453Z,2026-05-15T10:35:59.560Z,0.19,404.77,0.79,0.12,404.96,0.91,405.87
1220f5e6185677fbef675e544f9604953c9136ef5d4ecccc17d40540115c567903a4,unknown,2026-05-15T09:43:13.997918Z,2026-05-15T10:35:59.565Z,0.19,404.77,0.79,0.12,404.96,0.91,405.87
122051539c4fa22d8e5ce18dfc6e02c0be308d9f2b6cd074f1ff9e0a971f3f4bc482,unknown,2026-05-15T09:44:09.140502Z,2026-05-15T10:35:59.578Z,0.19,405.08,0.79,0.12,405.27,0.91,406.18
1220e7855cb75439625d5cdc288f066f4da9f3b76440b227a4981dce4a34bbcf7333,unknown,2026-05-15T09:44:20.833902Z,2026-05-15T10:35:59.650Z,0.19,405.05,0.79,0.12,405.25,0.91,406.16
12202a1c11e612870c204a6d1b2a92ff36b1d18f55eb20cb684785ad6ddcc0590c07,unknown,2026-05-15T09:44:27.953651Z,2026-05-15T10:35:59.676Z,0.19,405.19,0.79,0.12,405.39,0.91,406.30
1220231745987cebed8608ff100f0224377f2678ef14abc914102c32dcc1e1773644,unknown,2026-05-15T09:44:30.819819Z,2026-05-15T10:35:59.684Z,0.19,405.19,0.79,0.12,405.39,0.91,406.29
12208e8e9f42eab6ff67965266e2a4a6e3d1171867721fa8685e406011411ba41b0c,unknown,2026-05-15T09:44:57.903820Z,2026-05-15T10:35:59.689Z,0.19,404.72,0.79,0.12,404.91,0.91,405.82
1220872fd44a8db5aa8c61f1ec576777a8817f526cfc0be20ed1801b9a0ed5a3ff44,unknown,2026-05-15T09:44:58.933653Z,2026-05-15T10:35:59.705Z,0.19,404.77,0.79,0.12,404.96,0.91,405.87
1220a1dff43a0b270af32ac8c10c1fb72421d27cf967122f09d6b31fd98af15c533a,validator_liveness,2026-05-15T09:45:11.728490Z,2026-05-15T10:35:59.762Z,0.19,3.51,0.79,0.12,3.71,0.91,4.62
12206dd54174b5dbe09631754d4a8ff08a045f11cf63b19dff33a37ac343622069df,marker,2026-05-15T09:45:38.063613Z,2026-05-15T10:35:59.797Z,0.19,3.26,0.79,0.12,3.46,0.91,4.36
1220c1be83253c7ba1a454be6f3963784a80aaf36e3b9f85b085c22769a73caa4014,unknown,2026-05-15T09:45:20.748525Z,2026-05-15T10:35:59.802Z,0.19,405.08,0.79,0.12,405.27,0.91,406.18
12209d4e7904f00522c2d13e8d268e992cfe4b7660752423aa6c5f270a521ed1ada4,unknown,2026-05-15T09:45:34.173128Z,2026-05-15T10:35:59.812Z,0.19,405.05,0.79,0.12,405.25,0.91,406.16
12203e6cc53c79b36c0c7c5a88656300028b69e649bd9849b8ce5f11217276f1d8ca,reward_coupon,2026-05-15T09:46:03.830102Z,2026-05-15T10:35:59.816Z,0.19,2.18,0.79,0.12,2.37,0.91,3.28
1220447d9c230533926c2f491c6b1fdc12887ef7a7ddc8facff6f5ec7c2a407c04b6,validator_reward_coupon,2026-05-15T09:46:30.690221Z,2026-05-15T10:35:59.875Z,0.19,4.98,0.79,0.12,5.17,0.91,6.08
122073ac7529e36c3f97297199de1cf4b54cc0bfc312029c9ee4c4b3e61df3beb39d,unknown,2026-05-15T09:48:46.376995Z,2026-05-15T10:35:59.922Z,0.19,405.19,0.79,0.12,405.39,0.91,406.30
122071ed2f597b9892e13cad4b489fdc1b8f2a40e0330c375ae5d137f7acee8a65a4,unknown,2026-05-15T09:48:51.913719Z,2026-05-15T10:35:59.927Z,0.19,404.77,0.79,0.12,404.96,0.91,405.87
1220d9c6a46e7fc8f5591a19cade5166712e8227cda5999147aa4f0c38b4f35fb5b6,unknown,2026-05-15T09:48:59.568965Z,2026-05-15T10:35:59.940Z,0.19,404.77,0.79,0.12,404.96,0.91,405.87
12205bf96807eb70088369f475aff03888e50da21a25e9f73c06861014b5209ca02d,unknown,2026-05-15T09:49:08.275936Z,2026-05-15T10:35:59.943Z,0.19,405.08,0.79,0.12,405.27,0.91,406.18
1220cbab06d0542824cf3111b8e4aac62d9f0fd3cca52fab3288bfc973b7abd75b3e,unknown,2026-05-15T09:49:11.566606Z,2026-05-15T10:35:59.999Z,0.19,405.05,0.79,0.12,405.25,0.91,406.16
12209ea32c6b789d04fb2a37f4c4d7faced53106f14fcc5811daea764c4ef07ecb01,unknown,2026-05-15T09:49:19.181242Z,2026-05-15T10:36:00.046Z,0.19,405.19,0.79,0.12,405.39,0.91,406.30
12207fe9a49f755daa63cab29489e2267e28d78062d4bd2f3f4e49c40b987d59ce62,unknown,2026-05-15T09:49:48.721312Z,2026-05-15T10:36:00.049Z,0.19,404.77,0.79,0.12,404.96,0.91,405.87
122098b3096f9536cfaecac34587e1117b9b7d115cc730105c518bcf6bda69037987,marker,2026-05-15T09:50:40.502813Z,2026-05-15T10:36:00.052Z,0.19,3.26,0.79,0.12,3.46,0.91,4.36
12201cca7f79db31d3c9513640cc0f31df48f698a36585c62dc0f0935afc86258b5d,unknown,2026-05-15T09:49:58.157253Z,2026-05-15T10:36:00.063Z,0.19,405.19,0.79,0.12,405.39,0.91,406.29
1220885711bf834f3cfd852ee1eb8c61976054e5f8aa8ee99d86dedb4803c600abd7,reward_coupon,2026-05-15T09:50:57.264375Z,2026-05-15T10:36:00.109Z,0.19,2.18,0.79,0.12,2.37,0.91,3.28
1220ce2ebaad86dcacc9aef9da05244cf44761a748485621c12d9293b7e53aebde0c,unknown,2026-05-15T09:51:14.032459Z,2026-05-15T10:36:00.171Z,0.19,405.19,0.79,0.12,405.39,0.91,406.30
12207ef5887141e5f466803a175b520b814b41093eb892c65daac2f651ad0eac677c,unknown,2026-05-15T09:50:57.181731Z,2026-05-15T10:36:00.173Z,0.19,404.72,0.79,0.12,404.91,0.91,405.82
122025b305c4291e0cb2038f5c844d1a323a11e0229aacbaf72522e426b79ff949e1,unknown,2026-05-15T09:51:15.169930Z,2026-05-15T10:36:00.175Z,0.19,405.08,0.79,0.12,405.27,0.91,406.18
1220388998b07019905bc37a4f9ddaf194b09c28cb8ca0275cc3d941cffa0dac35b9,unknown,2026-05-15T09:51:21.595605Z,2026-05-15T10:36:00.187Z,0.19,404.77,0.79,0.12,404.96,0.91,405.87
1220ed0717cb0aac3f78669aa54e912762aaa99ac914d4b2be864e7749a8c2e95c5f,unknown,2026-05-15T09:51:22.512930Z,2026-05-15T10:36:00.230Z,0.19,405.05,0.79,0.12,405.25,0.91,406.15
122018deca0b3a3b021c435b2d3b4454a267151d4d56e8a86e267d685f49e9db7db2,unknown,2026-05-15T09:51:54.340991Z,2026-05-15T10:36:00.294Z,0.19,404.77,0.79,0.12,404.96,0.91,405.87
1220118d6a02516e915dbf2b0f61515d2c8ab00d90e35d363bbf9f5df0d0fc4acbe2,unknown,2026-05-15T09:52:18.873491Z,2026-05-15T10:36:00.298Z,0.19,405.08,0.79,0.12,405.27,0.91,406.18
1220ad231bdcb5470ed5ef78dbf00a043171ec2367b4113245eba4727edda53939fa,unknown,2026-05-15T09:51:35.245298Z,2026-05-15T10:36:00.300Z,0.19,405.19,0.79,0.12,405.39,0.91,406.30
1220df9fa72b30d39c16b205a514b60dc34849e46fe4d2191ec3ce51e0c4856831a5,unknown,2026-05-15T09:53:55.473487Z,2026-05-15T10:36:00.309Z,0.19,405.05,0.79,0.12,405.25,0.91,406.16
12203da0b9504881463233aaaaa94cfe6d267369eb5d067efc70c5763c2bd6bd021d,unknown,2026-05-15T09:53:58.182259Z,2026-05-15T10:36:00.353Z,0.19,405.19,0.79,0.12,405.39,0.91,406.29
12205eec3ab37c4d2ebc25027c9b7fdc83968eb8cdd85af87d383ead31ab97f46602,unknown,2026-05-15T09:53:59.670910Z,2026-05-15T10:36:00.418Z,0.19,405.08,0.79,0.12,405.27,0.91,406.18
122009aff1de9bbca43736d9c6d7830af802154e73f27a3962cab93ab1ec21b04335,unknown,2026-05-15T09:54:01.564325Z,2026-05-15T10:36:00.420Z,0.19,404.72,0.79,0.12,404.91,0.91,405.82
122091de1e72d102bbd6aeeb9cb178bb1e48320c9a49e9db992a984f101f71b73d3f,unknown,2026-05-15T09:54:01.564990Z,2026-05-15T10:36:00.422Z,0.19,405.19,0.79,0.12,405.39,0.91,406.30
1220545fa2cab27135e6621a550b9d40557cf4bf7ebeac358b4e3d0049d6ff6fed45,unknown,2026-05-15T09:54:02.181084Z,2026-05-15T10:36:00.429Z,0.19,404.77,0.79,0.12,404.96,0.91,405.87
122003bc3d3a176dcdd4e5318a481d47a79df1b02e7ac1f11c7ae014d0716b162f00,marker,2026-05-15T09:55:40.494239Z,2026-05-15T10:36:00.465Z,0.19,3.26,0.79,0.12,3.46,0.91,4.37
1220c6037123bbd1374eb581614b6a48aa598939a2144d67011a57445be2ff253e19,reward_coupon,2026-05-15T09:56:10.977907Z,2026-05-15T10:36:00.527Z,0.19,5.00,0.79,0.12,5.19,0.91,6.10
12200e45bd04b12f4f612131b4cbd2cb60f84b2f3fae84de4cd3df66febec95970bd,reward_coupon,2026-05-15T09:56:29.552837Z,2026-05-15T10:36:00.529Z,0.19,2.18,0.79,0.12,2.37,0.91,3.28
1220384dbde159d72172c109582d4b8a8ed75db0c55082d4c02d42da022701d53fe4,unknown,2026-05-15T09:56:13.491431Z,2026-05-15T10:36:00.541Z,0.19,405.05,0.79,0.12,405.25,0.91,406.16
122037174b6554b3f0e142b034def94c60e91dd32a8643edfb5abcbce49ed793703a,unknown,2026-05-15T09:56:31.913245Z,2026-05-15T10:36:00.550Z,0.19,405.19,0.79,0.12,405.39,0.91,406.29
1220f3b4ead1e0e11dd5954ff91750e5c9cf714929ddd7143b538b2b96a76e332c03,unknown,2026-05-15T09:56:35.655328Z,2026-05-15T10:36:00.589Z,0.19,405.08,0.79,0.12,405.27,0.91,406.18
1220187f3542f192e409a17f9938aee64411c7c01762e079668fca44f13697890653,validator_liveness,2026-05-15T09:59:30.360315Z,2026-05-15T10:36:00.635Z,0.19,3.51,0.79,0.12,3.71,0.91,4.62
1220736f19084337188ed76509d975a955790659344037fdf8939ed8a74a4a1219a1,unknown,2026-05-15T09:56:44.235106Z,2026-05-15T10:36:00.648Z,0.19,404.77,0.79,0.12,404.96,0.91,405.87
12200850719c356d9381cf97a34cc919204177dfec54e5532295d024d1783e7e7da0,unknown,2026-05-15T09:59:53.827340Z,2026-05-15T10:36:00.664Z,0.19,404.77,0.79,0.12,404.96,0.91,405.87
1220ec7c8b895c54141f3012008d5131f6931688de92f0db8e7ca6f30b477bc9833f,unknown,2026-05-15T09:59:55.645161Z,2026-05-15T10:36:00.671Z,0.19,405.19,0.79,0.12,405.39,0.91,406.30
12203bebba25ba9106c75f35226087b40c1b98639155152300372eebdea79f65bbbe,unknown,2026-05-15T09:59:59.015754Z,2026-05-15T10:36:00.713Z,0.19,405.05,0.79,0.12,405.25,0.91,406.16
12202bdb828712785ff5846483bf6ef4bd8871e19f9c0701418842d1e8513171aa29,unknown,2026-05-15T10:00:01.984346Z,2026-05-15T10:36:00.757Z,0.19,405.08,0.79,0.12,405.27,0.91,406.18
1220fdec231efe6d46b2dcb7cd9087b1ad2b529de0d179163c9c4e2267ef906e2507,unknown,2026-05-15T10:00:10.518049Z,2026-05-15T10:36:00.771Z,0.19,405.19,0.79,0.12,405.39,0.91,406.30
1220fc415c93ee8d4434a90fdfce65b1ddbd4481870d1dbc06e94511b2423379fd2b,marker,2026-05-15T10:00:40.708308Z,2026-05-15T10:36:00.779Z,0.19,3.26,0.79,0.12,3.46,0.91,4.36
1220fc6a8beff806c3d99e17409027d5876b7453c9e1faf0788edb894aac5a495f51,unknown,2026-05-15T10:00:29.511354Z,2026-05-15T10:36:00.786Z,0.19,404.77,0.79,0.12,404.96,0.91,405.87
12204f46f0bb6a018590229abdbab92a20b00459b908adf008f83773fb07988dcbbf,reward_coupon,2026-05-15T10:01:17.932924Z,2026-05-15T10:36:00.822Z,0.19,2.18,0.79,0.12,2.37,0.91,3.28
12208b27d4f22b382a2332685419800d19164d450c476be3f71f3a51f9825e9b2479,unknown,2026-05-15T10:02:26.329559Z,2026-05-15T10:36:00.884Z,0.19,405.19,0.79,0.12,405.39,0.91,406.30
1220475f0f986bdcc375752689d86701ab6b3059e9d7452e53a725b7cab023c0362e,unknown,2026-05-15T10:02:27.532852Z,2026-05-15T10:36:00.894Z,0.19,404.77,0.79,0.12,404.96,0.91,405.87
1220f3052b0b3a8e0347680c18453337816d4ce18684fdefd63ada7376c909a7663b,unknown,2026-05-15T10:02:29.345554Z,2026-05-15T10:36:00.901Z,0.19,404.77,0.79,0.12,404.96,0.91,405.87
1220c1b64535391fe4b87eaaa08822b7db8376ee4f565bcac8499adeb4056fc66c75,unknown,2026-05-15T10:02:31.393371Z,2026-05-15T10:36:00.907Z,0.19,405.08,0.79,0.12,405.27,0.91,406.18
12202d5b35086ef4b608c83e9ee7502b7507c23e71217d08156bf6cb2ccbf7338d8f,unknown,2026-05-15T10:02:31.113534Z,2026-05-15T10:36:00.946Z,0.19,405.19,0.79,0.12,405.39,0.91,406.30
12203cd35fb93587d46157d1c88834436f71e9bbda043cef61255d7e259653fcccdf,unknown,2026-05-15T10:02:38.098998Z,2026-05-15T10:36:01.006Z,0.19,405.05,0.79,0.12,405.25,0.91,406.16
12209efbdef2426ce4fac291e36972e0ece886d7815a52f09ee5fc54f6d302ee16af,unknown,2026-05-15T10:03:51.722761Z,2026-05-15T10:36:01.021Z,0.19,404.77,0.79,0.12,404.96,0.91,405.87
12200b5b68e2f1ec9f44b44c24b7ef6af29423e59f79486a63c77288c906f24a1171,unknown,2026-05-15T10:03:52.957695Z,2026-05-15T10:36:01.023Z,0.19,405.19,0.79,0.12,405.39,0.91,406.30
1220f5bf8f16b4672f01df35325416640efe49cd35082d2537027f6970f52d785a43,unknown,2026-05-15T10:04:04.685459Z,2026-05-15T10:36:01.027Z,0.19,404.77,0.79,0.12,404.96,0.91,405.87
1220c4a8593c8774f98b942a42fa5ea503ef2212a697503dcba38552545351e8b44f,unknown,2026-05-15T10:04:05.824458Z,2026-05-15T10:36:01.070Z,0.19,405.19,0.79,0.12,405.39,0.91,406.30
1220452c9c81675bb96afe24d67740469350f1f41c9afca195afd4b7f74d0861d78c,unknown,2026-05-15T10:04:07.704028Z,2026-05-15T10:36:01.131Z,0.19,405.08,0.79,0.12,405.27,0.91,406.18
122062c73d688f12ecd237c6730b4e9907f6b7f8f46bd8544b1106054136b08046b1,unknown,2026-05-15T10:04:08.302464Z,2026-05-15T10:36:01.146Z,0.19,405.05,0.79,0.12,405.25,0.91,406.16
1220bc7c35d901da85cf3f0292449814885fa0bb4411beef08f75da4dc25cf81dd13,unknown,2026-05-15T10:04:41.906649Z,2026-05-15T10:36:01.148Z,0.19,404.77,0.79,0.12,404.96,0.91,405.87
12204f43f40d4605fbc79766c58df91dc64f8f4aa180a2e53ac6fb353bb0421ac0e8,unknown,2026-05-15T10:04:43.132817Z,2026-05-15T10:36:01.152Z,0.19,405.19,0.79,0.12,405.39,0.91,406.29
1220b8f3e4b970d9103023e26473f02f1fdebd367c54080ab6aa541174863ebcf66d,unknown,2026-05-15T10:04:52.566437Z,2026-05-15T10:36:01.193Z,0.19,405.19,0.79,0.12,405.39,0.91,406.30
12209b34691447c74ac08a96f3feab1c8d896eab35b47478666bcbb1f50d3507216e,unknown,2026-05-15T10:04:53.186737Z,2026-05-15T10:36:01.254Z,0.19,404.77,0.79,0.12,404.96,0.91,405.87
12206d6627c9b7abfb00bc54ec8ed47198726f4e3c4750d694a286c10cfbf4d00eb1,unknown,2026-05-15T10:04:54.086375Z,2026-05-15T10:36:01.269Z,0.19,405.05,0.79,0.12,405.25,0.91,406.16
122016b62019a653d07e27afc6b3c42f5f0759724b426788dd83914edfe13c4b02cb,unknown,2026-05-15T10:05:04.621090Z,2026-05-15T10:36:01.272Z,0.19,405.08,0.79,0.12,405.27,0.91,406.18
12202c1e7b50437b57555e1c0fad5d1097ace2267744f7d9c340540d329e66b9e28e,unknown,2026-05-15T10:05:34.424797Z,2026-05-15T10:36:01.274Z,0.19,404.77,0.79,0.12,404.96,0.91,405.87
122048d399b7ab8ed9db6f196f8c997000a086cdaead1e744c2f5fddd440cae78d55,marker,2026-05-15T10:05:40.738913Z,2026-05-15T10:36:01.303Z,0.19,3.26,0.79,0.12,3.46,0.91,4.37
122098360f7b717073329a12c7fa5e5ee87e692a2a5b10973e8f4c77de0fc6b8dba5,unknown,2026-05-15T10:05:42.009360Z,2026-05-15T10:36:01.377Z,0.19,405.19,0.79,0.12,405.39,0.91,406.30
1220b74ca95d8d5d565039835d03d1e39c13d55a03dca4dbe053fa21f9d9d1f38d1f,reward_coupon,2026-05-15T10:05:48.424893Z,2026-05-15T10:36:01.378Z,0.19,4.52,0.79,0.12,4.72,0.91,5.63
122014e434ffe2db7a21e3c2adf9a431507d3603f15dd43607021ba0f09df3cfd949,reward_coupon,2026-05-15T10:06:34.607616Z,2026-05-15T10:36:01.380Z,0.19,2.18,0.79,0.12,2.37,0.91,3.28
1220a7b73f455a159f244e1933b6303a75602deb729a0574ab1093ea4b56a2570687,validator_liveness,2026-05-15T10:05:53.739621Z,2026-05-15T10:36:01.381Z,0.19,3.51,0.79,0.12,3.71,0.91,4.62
1220c2e45400f412a8a625cf0c48684d9d42960b142d7dd2d7c93556a271e7be52e6,unknown,2026-05-15T10:06:37.669852Z,2026-05-15T10:36:01.427Z,0.19,405.05,0.79,0.12,405.25,0.91,406.15
1220fca255b9585991bea846004db92ca9e0e94a49a3e8a210e6625a1a45817039bc,unknown,2026-05-15T10:06:39.895282Z,2026-05-15T10:36:01.501Z,0.19,405.19,0.79,0.12,405.39,0.91,406.30
12201841bd1a675c3789158493c7716c5a05259d5e8b9e877d97433a8445a4e287f9,unknown,2026-05-15T10:06:45.122534Z,2026-05-15T10:36:01.504Z,0.19,404.77,0.79,0.12,404.96,0.91,405.87
1220c4c1dad05d9386293b883c9bc1c97143da8d8fa3533e9cec6846e6e744cbd52a,unknown,2026-05-15T10:06:50.993164Z,2026-05-15T10:36:01.506Z,0.19,405.08,0.79,0.12,405.27,0.91,406.18
1220c2b0839d680d0b9208ff4e79afecd3b8a32d0398a8860fb01eb5d34925d8120e,unknown,2026-05-15T10:07:04.607012Z,2026-05-15T10:36:01.510Z,0.19,404.77,0.79,0.12,404.97,0.91,405.88
1220134583609232205c448861f37c1b48493197e33d434994ae06fc4a52ecd09bb9,unknown,2026-05-15T10:07:11.867590Z,2026-05-15T10:36:01.551Z,0.19,405.19,0.79,0.12,405.39,0.91,406.30
122040e2addd1460b18310eba3b2ddf158510eb052329d0ac607face5fc0aa2b53e9,unknown,2026-05-15T10:07:54.094415Z,2026-05-15T10:36:01.626Z,0.19,405.08,0.79,0.12,405.27,0.91,406.18
12207e55faaee5e0d808eb5691ad3991dc1eef0c4b65d16103f573f3e7ebc02d0b45,unknown,2026-05-15T10:07:52.556754Z,2026-05-15T10:36:01.629Z,0.19,405.19,0.79,0.12,405.39,0.91,406.30
122040969901ddfbe01524e90836ac312cec6d6476be506c71848f28352ed36d85b3,unknown,2026-05-15T10:07:56.404264Z,2026-05-15T10:36:01.631Z,0.19,405.05,0.79,0.12,405.25,0.91,406.16
1220c32caa2719d8f60881bb684c100f40cc0c5632f8f83ba188cd5d93d7c7dfe110,unknown,2026-05-15T10:07:57.086224Z,2026-05-15T10:36:01.637Z,0.19,404.77,0.79,0.12,404.96,0.91,405.87
1220d6ab7835bf05c24aae9c8f2ae1d89930827b41c5235dfed419c845bd7e52a132,validator_reward_coupon,2026-05-15T10:08:18.953611Z,2026-05-15T10:36:01.663Z,0.19,4.98,0.79,0.12,5.17,0.91,6.08
1220d32e365f9f32cf5cc0eb8c9bea21b841c46a3ad93eee51d7015a67d1ea85739f,unknown,2026-05-15T10:10:06.300338Z,2026-05-15T10:36:01.750Z,0.19,405.19,0.79,0.12,405.39,0.91,406.30
1220d8df5f4e77cef5b5aa06d163046280cedcbf3d9550076f5035ef13bcfcf807d8,unknown,2026-05-15T10:09:56.650660Z,2026-05-15T10:36:01.752Z,0.19,405.19,0.79,0.12,405.39,0.91,406.30
1220966eb67c5f1c0647be8c668b7ac299408deb321748bee07be5bd8614c783f3ca,unknown,2026-05-15T10:09:58.073680Z,2026-05-15T10:36:01.754Z,0.19,404.77,0.79,0.12,404.96,0.91,405.87
1220da12ab2a248e052dd1e04791154f5faef3a2f4148ea5b3fcccdbf94c6b65f0d7,unknown,2026-05-15T10:10:07.525553Z,2026-05-15T10:36:01.761Z,0.19,405.08,0.79,0.12,405.27,0.91,406.18
1220fcf594c274a628d54e9389bb221a6595a186cf9ba2d923badbd0ccb8920b57dd,unknown,2026-05-15T10:10:09.702207Z,2026-05-15T10:36:01.785Z,0.19,405.05,0.79,0.12,405.25,0.91,406.16
1220f92c53e53d8a05cc0871594662dd66209f7df543a09c6f77f13e3b0a8d187dc4,marker,2026-05-15T10:10:43.165745Z,2026-05-15T10:36:01.862Z,0.19,3.26,0.79,0.12,3.46,0.91,4.36
122075f2c52f6118632b68789a03be46452285ffbd27cbc326ed2f853fc450a64d76,unknown,2026-05-15T10:10:11.252760Z,2026-05-15T10:36:01.873Z,0.19,404.77,0.79,0.12,404.96,0.91,405.87
1220daef353d07e7cf648ea42cc023ac1ed6591ad9f48a4a4fe14aadcdc925537858,unknown,2026-05-15T10:10:42.138471Z,2026-05-15T10:36:01.875Z,0.19,404.77,0.79,0.12,404.96,0.91,405.87
122077409fa10bda77b19dc9472f36a877cc8e76a7e1c022859fdd44c869be6efaae,unknown,2026-05-15T10:10:45.245350Z,2026-05-15T10:36:01.886Z,0.19,405.19,0.79,0.12,405.38,0.91,406.29
1220a0e2675cb27879ba63ea3b7dd8fa36b3124e933b278a1fdeee2a43e409846004,unknown,2026-05-15T10:10:55.560034Z,2026-05-15T10:36:01.910Z,0.19,405.19,0.79,0.12,405.39,0.91,406.30
1220bfd73f877399d1eb5d6a850ab29a6651ae0db2d135bb3a9682e5205ccbe37c4a,unknown,2026-05-15T10:11:01.201925Z,2026-05-15T10:36:01.984Z,0.19,405.08,0.79,0.12,405.27,0.91,406.18
122025a9fccf3dba3118732af852e42c8ef92fdec2e27289b9b3bd0be7f3ff07b161,reward_coupon,2026-05-15T10:11:44.314441Z,2026-05-15T10:36:01.994Z,0.19,2.18,0.79,0.12,2.37,0.91,3.28
12201bdf75a361cdd9480046efecb8762c906306f5db79e19191ea53524ed45e8011,unknown,2026-05-15T10:11:15.496739Z,2026-05-15T10:36:01.998Z,0.19,405.05,0.79,0.12,405.25,0.91,406.15
1220f7298ceb7fd14f45c8e4d0b4a7b2aa80dd2e2a194b4ad74b0331b22a546bcfb3,unknown,2026-05-15T10:11:01.496897Z,2026-05-15T10:36:02.000Z,0.19,404.77,0.79,0.12,404.96,0.91,405.87
1220dd26fae87a7b30f5da6d20bfb4833cef7287f6a04686b3bcb068791ade4e0af5,unknown,2026-05-15T10:12:17.459720Z,2026-05-15T10:36:02.035Z,0.19,404.77,0.79,0.12,404.96,0.91,405.87
12209421f4cc42b19ebcde0dc7f08867dbcc9198bbd642833027e469a81b0c57aee0,unknown,2026-05-15T10:12:41.858296Z,2026-05-15T10:36:02.113Z,0.19,405.19,0.79,0.12,405.39,0.91,406.30
12205df38d07d61e658b38e6bd0c9091ee6f7baa325132a72c21c2c61f14d4f8839c,unknown,2026-05-15T10:12:44.305924Z,2026-05-15T10:36:02.120Z,0.19,405.19,0.79,0.12,405.39,0.91,406.30
12206e6a001d7801b8d3b758bf01346e24e87cd9af4fd4086151fbb6aa18aaa4f1a3,unknown,2026-05-15T10:12:45.816919Z,2026-05-15T10:36:02.122Z,0.19,404.77,0.79,0.12,404.96,0.91,405.87
12205fa14158bca4acd03ab41cad10cda607d3d8b0719a24f1e74e211ff9dcb7d68c,unknown,2026-05-15T10:12:54.837204Z,2026-05-15T10:36:02.124Z,0.19,405.08,0.79,0.12,405.27,0.91,406.18
122007f58f3da7ba33e3d533f6091f9550753fc0d57291a1b68a324d158835197689,unknown,2026-05-15T10:13:03.757412Z,2026-05-15T10:36:02.156Z,0.19,405.05,0.79,0.12,405.25,0.91,406.16
1220e95bf179862a3e94eca37d56a4b03cd884d5b868da3514c739c7847f7e83934f,reward_coupon,2026-05-15T10:13:25.071594Z,2026-05-15T10:36:02.227Z,0.19,6.90,0.79,0.12,7.09,0.91,8.00
12205ec24701c0146d44284cf7df95fe8c647d49fac8d57ac023f13c0aa6b1fff1a6,unknown,2026-05-15T10:13:29.564487Z,2026-05-15T10:36:02.248Z,0.19,404.77,0.79,0.12,404.96,0.91,405.87
1220f37e53c1e9c16535fe0181e242e4353e08107e2d0b396b12ee79d7bc5400f7ab,unknown,2026-05-15T10:13:34.395301Z,2026-05-15T10:36:02.251Z,0.19,405.19,0.79,0.12,405.39,0.91,406.30
12209d9916200a9ee135d97de4fce6c15ea82afccbf2bcc61133297d55c252300f0b,unknown,2026-05-15T10:13:42.481088Z,2026-05-15T10:36:02.263Z,0.19,405.08,0.79,0.12,405.27,0.91,406.18
122017b1334767c16416c9e704e5d77f1316317472603c45cef747827b754dcaabd9,validator_liveness,2026-05-15T10:14:12.804769Z,2026-05-15T10:36:02.266Z,0.19,3.51,0.79,0.12,3.71,0.91,4.62
12204741099a33386f29946b8329cf40b3cb0fa3da1eb231460f00ef5870c7b26d3e,unknown,2026-05-15T10:14:14.803811Z,2026-05-15T10:36:02.352Z,0.19,404.77,0.79,0.12,404.96,0.91,405.87
12209cf82b304002e9ed07af9cb1040f980fd0453de1e34c1088009bae5cc79c864f,unknown,2026-05-15T10:14:35.857111Z,2026-05-15T10:36:02.374Z,0.19,405.05,0.79,0.12,405.25,0.91,406.15
122063f9daa1e5cb47d4cbdf9f54d2c19d84b5433b28cb854a87b38dd9e52fc9f044,unknown,2026-05-15T10:14:26.248384Z,2026-05-15T10:36:02.376Z,0.19,405.19,0.79,0.12,405.39,0.91,406.30
12207d2138e67d834f6b20cb51da3e00dc6d48d5f1ca3b21e1758c33177c8874984d,unknown,2026-05-15T10:15:24.083755Z,2026-05-15T10:36:02.385Z,0.19,404.77,0.79,0.12,404.96,0.91,405.87
1220e3b603c260467cede100468e6cf4d8b9e0b96bbc95b4c3e10769f29d588bdd5e,unknown,2026-05-15T10:15:25.536508Z,2026-05-15T10:36:02.387Z,0.19,405.19,0.79,0.12,405.39,0.91,406.30
1220e15884265f824b9060ed7003cc4ae301d5fdf730ca29a3f4d18b441a133b4434,unknown,2026-05-15T10:15:27.822151Z,2026-05-15T10:36:02.474Z,0.19,405.08,0.79,0.12,405.27,0.91,406.18
1220066f0711c181f0f4018fb2dca59335489c07c5994a5967da504b6a9c61a436bb,marker,2026-05-15T10:15:45.900020Z,2026-05-15T10:36:02.492Z,0.19,3.26,0.79,0.12,3.46,0.91,4.36
12203d6ae29178897128fe1fe074d4b54ac7129c0fe2f9f0c865bebe5d8ebe63a2c9,unknown,2026-05-15T10:15:28.677089Z,2026-05-15T10:36:02.498Z,0.19,404.77,0.79,0.12,404.96,0.91,405.87
1220dcae69756f380a811566433e8b6f3f83c83395d4d672a8677d2cfea890642219,unknown,2026-05-15T10:15:37.340094Z,2026-05-15T10:36:02.500Z,0.19,405.19,0.79,0.12,405.39,0.91,406.30
1220b2985191770b679a8a494021fff9ada33a152a1784074beb7ffeea4add897f19,unknown,2026-05-15T10:16:06.958838Z,2026-05-15T10:36:02.511Z,0.19,405.05,0.79,0.12,405.25,0.91,406.15
12206eb441288c1ef37f8ed12a335eb3b94f85f8910bec5542c9b5c59a1b135344e9,unknown,2026-05-15T10:16:17.199897Z,2026-05-15T10:36:02.596Z,0.19,404.77,0.79,0.12,404.96,0.91,405.87
12202accac5137605f976e50e7f43428cc98d7f0ffcb33b91fab7a0ace3280b2c612,unknown,2026-05-15T10:16:29.948276Z,2026-05-15T10:36:02.625Z,0.19,405.19,0.79,0.12,405.39,0.91,406.30
1220c83ab5702f112e70c19cbc894e508dabb7fb3965489b30d32fd5c5fd9df548a7,unknown,2026-05-15T10:16:32.954726Z,2026-05-15T10:36:02.628Z,0.19,404.77,0.79,0.12,404.96,0.91,405.87
1220558484107894e2d67e9bfe89d929a94a4734d850a551210ca3c7558f8142cb63,unknown,2026-05-15T10:16:30.399334Z,2026-05-15T10:36:02.631Z,0.19,405.08,0.79,0.12,405.27,0.91,406.18
122099107ce1d5c719bb4b7aa3fb21973785b74c2d66357bf9b483552c83bcb8e192,unknown,2026-05-15T10:16:33.794739Z,2026-05-15T10:36:02.643Z,0.19,405.19,0.79,0.12,405.39,0.91,406.30
12202289ee6ef29bbc55c715e4e4e8a042783b9ab7b86cf4684e7a5a12eadab4de27,unknown,2026-05-15T10:16:45.449629Z,2026-05-15T10:36:02.718Z,0.19,405.05,0.79,0.12,405.25,0.91,406.16
1220bc1c5fcd6d658381f5dda51edb716120be33084bb4fe37eadeabe7e78f79efd4,unknown,2026-05-15T10:17:07.531851Z,2026-05-15T10:36:02.751Z,0.19,405.19,0.79,0.12,405.39,0.91,406.29
1220e2cf495b30433430d6dd0a664066e2b211d32cee4f580612bdd26332c517faa8,unknown,2026-05-15T10:17:00.528239Z,2026-05-15T10:36:02.754Z,0.19,404.77,0.79,0.12,404.96,0.91,405.87
122072db494763fd6dfa59050c7dda2215cba7b5e1f139ae056625884a8b50c788b6,unknown,2026-05-15T10:17:17.508101Z,2026-05-15T10:36:02.756Z,0.19,405.08,0.79,0.12,405.27,0.91,406.18
1220a82c107aa1f876652c2cf278f3f77968f2b8a5186d139ec74eeb48264f1f9bcd,unknown,2026-05-15T10:17:21.940659Z,2026-05-15T10:36:02.766Z,0.19,404.77,0.79,0.12,404.96,0.91,405.87
122097349554098c144c2c8e3cbdb8d50d2a1db48812ddb11e1771a7e95bc2ea1287,unknown,2026-05-15T10:17:23.906460Z,2026-05-15T10:36:02.842Z,0.19,405.19,0.79,0.12,405.39,0.91,406.30
1220b0ee8d4a14b8bb859176f26556efb63ccd7ef49b38b8d5fd57f86263cc762a34,reward_coupon,2026-05-15T10:17:24.262590Z,2026-05-15T10:36:02.859Z,0.19,2.18,0.79,0.12,2.37,0.91,3.28
1220ba26bc00e1d790712ad2028fc836f7e52d2dff927a4e12eb8a72b35de66be847,unknown,2026-05-15T10:17:48.453909Z,2026-05-15T10:36:02.875Z,0.19,405.19,0.79,0.12,405.39,0.91,406.30
12202fdc6aea402e972eee4a3675063b3c4397c75406c8a16a399c3028ef1a388d3b,unknown,2026-05-15T10:17:24.489160Z,2026-05-15T10:36:02.877Z,0.19,405.05,0.79,0.12,405.25,0.91,406.15
12203d9b740700ae320cf15b9036934460f67806f20cc2a6ac163e042ae35492b9cc,unknown,2026-05-15T10:17:49.980365Z,2026-05-15T10:36:02.889Z,0.19,404.77,0.79,0.12,404.96,0.91,405.87
1220afb5cc6a3abb4426967c4f28f664ba609988ddd624a1131dff688e0bdf017a11,unknown,2026-05-15T10:17:57.957452Z,2026-05-15T10:36:02.967Z,0.19,405.08,0.79,0.12,405.27,0.91,406.18
12209488631a277bc67ad96311b6cfa220b6a26cf4c34541226e7c3058425354147a,unknown,2026-05-15T10:18:04.158309Z,2026-05-15T10:36:02.983Z,0.19,405.05,0.79,0.12,405.25,0.91,406.16
12203e5873b98cc2c40aa47f1c29e731628ddabb5badcfe7a5dc1016e68e5e97cecd,unknown,2026-05-15T10:18:07.355939Z,2026-05-15T10:36:02.998Z,0.19,405.19,0.79,0.12,405.39,0.91,406.30
1220105a3e390fc57dbc3353b593b8bd0ced4ca306e890e216a53a96004804bcedf9,unknown,2026-05-15T10:18:12.553619Z,2026-05-15T10:36:03.000Z,0.19,404.77,0.79,0.12,404.96,0.91,405.87
1220a89fbcaee4a13d4de624c7e29bc229ab93c59666a6ca8f47f31cd1ecb65bf799,unknown,2026-05-15T10:18:42.435938Z,2026-05-15T10:36:03.015Z,0.19,405.19,0.79,0.12,405.39,0.91,406.29
12206436463e5f04d764aa35a797f84ba5ad7bdedeca6ee295cd6a7c84fe59f37bc3,unknown,2026-05-15T10:18:46.012927Z,2026-05-15T10:36:03.090Z,0.19,404.77,0.79,0.12,404.96,0.91,405.87
122018f93c8e87aa1371c6f57ece419212d3f39c7fab981ab0bc62894f88c77bbfcf,unknown,2026-05-15T10:18:49.371688Z,2026-05-15T10:36:03.110Z,0.19,405.08,0.79,0.12,405.27,0.91,406.18
12201a67b839777e514141e6a4de1bf33ff9d17a37beec39dfe643c8798bd9718d92,unknown,2026-05-15T10:18:51.370532Z,2026-05-15T10:36:03.121Z,0.19,405.05,0.79,0.12,405.25,0.91,406.16
1220a8ebc5bf286425e40d9d24ce239ca54dfe3ca36d7c4baae3f48d66d6e8bfaf3b,unknown,2026-05-15T10:18:54.279864Z,2026-05-15T10:36:03.123Z,0.19,405.19,0.79,0.12,405.39,0.91,406.30
1220cbcff503ef827dfe0bd083b2cb2f7a9ddbd15cd9aa507226c6fdcf0146698db9,unknown,2026-05-15T10:18:55.520290Z,2026-05-15T10:36:03.137Z,0.19,404.77,0.79,0.12,404.96,0.91,405.87
12206e289633488db11017472b6cdfcba1014454ce98934c6b03fa712d9bdb059bdf,validator_reward_coupon,2026-05-15T10:18:58.111148Z,2026-05-15T10:36:03.199Z,0.19,4.98,0.79,0.12,5.17,0.91,6.08
122009c8b218bce85a093ebe7316f6cfb244d697944bb0dce7b352ac8115b0ba2cab,unknown,2026-05-15T10:19:22.769639Z,2026-05-15T10:36:03.232Z,0.19,405.19,0.79,0.12,405.39,0.91,406.29
12206283772569939ec1b472243a84c4a683be9788c48fe67b50cc027affe943ffaf,unknown,2026-05-15T10:19:45.098723Z,2026-05-15T10:36:03.241Z,0.19,405.08,0.79,0.12,405.27,0.91,406.18
12208f9e444fddec0a39f98053dadfe4e85c71f57cd1dfa58cadf2d3d29ee3a7553a,unknown,2026-05-15T10:19:43.447186Z,2026-05-15T10:36:03.243Z,0.19,404.77,0.79,0.12,404.96,0.91,405.87
122035d29db27855393fe8ab964f17ab12e8ca7c956aea0918a0f91750cc32281588,unknown,2026-05-15T10:19:47.231109Z,2026-05-15T10:36:03.258Z,0.19,404.77,0.79,0.12,404.96,0.91,405.87
12201ec198b1b40948592167c589710c0865b85de9b8212fe7ee5c92992a11a2e36f,unknown,2026-05-15T10:19:59.208653Z,2026-05-15T10:36:03.321Z,0.19,405.19,0.79,0.12,405.39,0.91,406.29
1220e44d52a3cccc1fb712ab40089b88b89b593c9477b97553a03109c3bf84018031,marker,2026-05-15T10:20:48.797729Z,2026-05-15T10:36:03.349Z,0.19,3.26,0.79,0.12,3.46,0.91,4.36
1220b584ad0785573e301c6524df1dfbc9fe35b7adacf7aaa6b4c5c7ac59a6ead3bc,unknown,2026-05-15T10:20:07.457062Z,2026-05-15T10:36:03.355Z,0.19,405.05,0.79,0.12,405.25,0.91,406.16
1220dff35ae9341c38b56fdab85fb50ab6b1450f55f3584221319de9225e0080ea8f,unknown,2026-05-15T10:20:27.088030Z,2026-05-15T10:36:03.362Z,0.19,405.19,0.79,0.12,405.39,0.91,406.30
122032375c1fe9a22ab3aabfc1c066f72c9bbf84547a20212b6eaf1b673e51e4ab29,unknown,2026-05-15T10:20:59.003013Z,2026-05-15T10:36:03.379Z,0.19,405.08,0.79,0.12,405.27,0.91,406.18
12207dcd0d56567bf4c6526323242ec29e68cc8354eb88311d7b5a2557943efb50dc,unknown,2026-05-15T10:21:15.945111Z,2026-05-15T10:36:03.445Z,0.19,404.77,0.79,0.12,404.96,0.91,405.87
12201ba9495c6d5f6e20e135cd14d5d7e72bc25c800f7c2ce2da1498eedb48f6bcfb,reward_coupon,2026-05-15T10:21:38.105817Z,2026-05-15T10:36:03.470Z,0.19,2.18,0.79,0.12,2.37,0.91,3.28
122035beb55092eb5c49da0826149353ae827358c1e80c5b7fb9276b9f1a4a6b2ebe,unknown,2026-05-15T10:21:27.729120Z,2026-05-15T10:36:03.473Z,0.19,404.77,0.79,0.12,404.96,0.91,405.87
1220da7f7f73813eb355b33df06abe6db9ccf8c981f7c16ead6734ca3e7340b40bd4,unknown,2026-05-15T10:21:36.405882Z,2026-05-15T10:36:03.478Z,0.19,405.05,0.79,0.12,405.25,0.91,406.16
12207cd9475f9fe3879a190070216e18588ab6d965614acf037ea59f3a7e23eb84d7,unknown,2026-05-15T10:21:41.142310Z,2026-05-15T10:36:03.500Z,0.19,405.19,0.79,0.12,405.39,0.91,406.30
12209cbf9b57b4d5e5e390c23594d99265b300c052af35a350beb28c46d5dffdcba1,unknown,2026-05-15T10:21:49.645186Z,2026-05-15T10:36:03.568Z,0.19,405.19,0.79,0.12,405.39,0.91,406.30
12209f39fd4e2f2be4d28227d20b927cc23bb05096dd608c83b809e7616f7ca37056,unknown,2026-05-15T10:21:52.719724Z,2026-05-15T10:36:03.595Z,0.19,405.08,0.79,0.12,405.27,0.91,406.18
1220e773e9469c24938009a6b00b079efb3b9b3c16e4c366c65c5fa0115d9e2aea44,unknown,2026-05-15T10:22:28.180723Z,2026-05-15T10:36:03.597Z,0.19,404.77,0.79,0.12,404.96,0.91,405.87
122087d32f6ad5c0c31d81cd177702fb32d32f9a9baf24193060e0cdb20b3c5c7be2,unknown,2026-05-15T10:22:30.646863Z,2026-05-15T10:36:03.604Z,0.19,404.77,0.79,0.12,404.96,0.91,405.87
1220c7635c7e733f46cf340cab3e0641fee884a56a1eaf1de516327040e32c33b87f,unknown,2026-05-15T10:22:30.646963Z,2026-05-15T10:36:03.623Z,0.19,405.05,0.79,0.12,405.25,0.91,406.16
12206290b05f8a831d142355b11b2536bc9adf960be19cd86719dd6cbcde12314548,unknown,2026-05-15T10:22:48.892378Z,2026-05-15T10:36:03.689Z,0.19,405.19,0.79,0.12,405.39,0.91,406.30
1220968cf8b446f4f9759462b79fb1e105d8df896d82d9472820d08a38407f1bf3de,unknown,2026-05-15T10:22:54.280306Z,2026-05-15T10:36:03.716Z,0.19,405.08,0.79,0.12,405.27,0.91,406.18
12205b0ee761e5b525efaded0f16fcf8068bf38bb2d71a141c8019b3440539d3b598,unknown,2026-05-15T10:22:49.757732Z,2026-05-15T10:36:03.719Z,0.19,405.19,0.79,0.12,405.39,0.91,406.29
12200ad1de164177489fc11cbd8042d330aa37d5e1504f06fda89fbc75c22ddf8914,unknown,2026-05-15T10:23:27.491376Z,2026-05-15T10:36:03.725Z,0.19,404.77,0.79,0.12,404.96,0.91,405.87
1220dac125786a975f7610c2ebb27be8202f7b0c241bfb5c97f5989bcddf54b63344,unknown,2026-05-15T10:23:30.210843Z,2026-05-15T10:36:03.744Z,0.19,404.77,0.79,0.12,404.96,0.91,405.87
1220ddbc9e33711eba9d1ac43da4dba99e251ef7cca277b273f21602b49c258e47cc,unknown,2026-05-15T10:23:31.036141Z,2026-05-15T10:36:03.811Z,0.19,405.05,0.79,0.12,405.25,0.91,406.16
1220847f509a0b14add50e0dda6421bea2a2fcf9d6528ff292e32da83664510cb3cb,unknown,2026-05-15T10:23:38.649811Z,2026-05-15T10:36:03.836Z,0.19,405.19,0.79,0.12,405.39,0.91,406.30
1220f62a9d2e0386860bd08322c46a2b561fb669c3efd14096887e7d326db5cf0ae1,unknown,2026-05-15T10:24:08.967206Z,2026-05-15T10:36:03.841Z,0.19,405.19,0.79,0.12,405.39,0.91,406.30
12204466b52794caca766a273532618df4a9176adfac1f810065c2da704099d4e8a1,unknown,2026-05-15T10:24:14.981219Z,2026-05-15T10:36:03.844Z,0.19,405.08,0.79,0.12,405.27,0.91,406.18
1220e2b1da8fb07d4b4d7ae7bc14bc6577107082c9ff3411c957930d08ab8452f4b4,unknown,2026-05-15T10:24:15.525229Z,2026-05-15T10:36:03.865Z,0.19,404.77,0.79,0.12,404.96,0.91,405.87
1220c0e5e4c9f3e632376e64cd8e15e51fa3082e6005a7b25c6318a15821dccf6861,unknown,2026-05-15T10:24:16.641052Z,2026-05-15T10:36:03.938Z,0.19,405.05,0.79,0.12,405.25,0.91,406.16
1220286d25d041b730fbfc868731017724fa5103a4f35bd3b0cf31047cd983813226,unknown,2026-05-15T10:24:54.068911Z,2026-05-15T10:36:03.953Z,0.19,405.19,0.79,0.12,405.39,0.91,406.30
122021129c6a6fbf310e72d655f5a89badceb5cf05ffe7d552b8af5395a3aacff6bb,unknown,2026-05-15T10:25:19.323154Z,2026-05-15T10:36:03.955Z,0.19,405.08,0.79,0.12,405.27,0.91,406.18
1220332a270752ab5e2f8547ad2cab99e0b0101cf5664d4e9648fcd6f9aff4045745,unknown,2026-05-15T10:24:20.556115Z,2026-05-15T10:36:03.958Z,0.19,404.77,0.79,0.12,404.96,0.91,405.87
122005e20d1d7e4b32c7046c9bc0fc8461a7409a2b33fc4d8e8d405811d56b04a3e2,marker,2026-05-15T10:25:49.013963Z,2026-05-15T10:36:03.969Z,0.19,3.26,0.79,0.12,3.46,0.91,4.37
1220a4641a53456eb648a9978e9da85566563d284d19995ded350d33159d9cacec55,unknown,2026-05-15T10:26:04.991027Z,2026-05-15T10:36:04.050Z,0.19,405.19,0.79,0.12,405.39,0.91,406.30
122061bdf0ca88d3b0b3238d81757e27a2f6bcacc180a21c41f857800df501a95b3c,reward_coupon,2026-05-15T10:26:56.909318Z,2026-05-15T10:36:04.058Z,0.19,2.18,0.79,0.12,2.37,0.91,3.28
12202dc60b84c95748354611f7fac37e2c17ad50c6ddcac1b44bd8daf4ca00041a7c,unknown,2026-05-15T10:26:55.062771Z,2026-05-15T10:36:04.065Z,0.19,405.19,0.79,0.12,405.39,0.91,406.30
1220188686a714fbd34933d9158dafa455d186db466dd7178a0e9941ca4fb6872de8,unknown,2026-05-15T10:26:58.415147Z,2026-05-15T10:36:04.070Z,0.19,405.08,0.79,0.12,405.27,0.91,406.18
12209bb408c0573a952429d893e682b9605987009d383ac4454d52fec15ca1db27c7,unknown,2026-05-15T10:26:59.130796Z,2026-05-15T10:36:04.079Z,0.19,404.77,0.79,0.12,404.96,0.91,405.87
12205d4d7d2fd3053d1e5e29d4b13041d4f724be7b41a8d66010e1dfd2d5284a87f7,unknown,2026-05-15T10:26:59.415615Z,2026-05-15T10:36:04.161Z,0.19,404.77,0.79,0.12,404.96,0.91,405.87
1220534d0cb0270481908b6b8fd524e48ad5ffebb4ea2ad59f213298d842439d73de,unknown,2026-05-15T10:27:00.706738Z,2026-05-15T10:36:04.168Z,0.19,405.05,0.79,0.12,405.25,0.91,406.16
12207c547afdf3a308546b8ed7b9397e47f79f32ad6927257057116d0a7ed738aa46,reward_coupon,2026-05-15T10:27:29.425251Z,2026-05-15T10:36:04.174Z,0.19,6.42,0.79,0.12,6.62,0.91,7.52
1220e0f8557f506b8606af2f13212e6ffb6420a7ce1af15a1f7f44c19651f5fdbfbd,unknown,2026-05-15T10:27:18.939019Z,2026-05-15T10:36:04.176Z,0.19,405.19,0.79,0.12,405.39,0.91,406.29
1220c9dc798212d49a9288d323df42bda3b56eb310dabbdb2af15cf0405c1d73c431,unknown,2026-05-15T10:27:39.928229Z,2026-05-15T10:36:04.193Z,0.19,404.77,0.79,0.12,404.96,0.91,405.87
12200431202100f6beb06b3815a8981240d13a05cb618f1a073b525678f0cf710284,unknown,2026-05-15T10:27:43.850547Z,2026-05-15T10:36:04.273Z,0.19,405.19,0.79,0.12,405.39,0.91,406.30
12204625ded9366a5001a5e87ad2b615757152d2836a90b4814ddaec1c621782d7a1,unknown,2026-05-15T10:27:48.226970Z,2026-05-15T10:36:04.281Z,0.19,404.77,0.79,0.12,404.96,0.91,405.87
12202d6f33bf8c6e8c2edb9533f00d88058f30f40a443abe2e5812a5b421ff835ac2,unknown,2026-05-15T10:27:53.349109Z,2026-05-15T10:36:04.284Z,0.19,405.08,0.79,0.12,405.27,0.91,406.18
1220b44ad6746db66b6be62a06b3e0fc41c68dbbad0f2dac9dbc9f2d5f4030632f9a,unknown,2026-05-15T10:27:54.346278Z,2026-05-15T10:36:04.288Z,0.19,405.05,0.79,0.12,405.25,0.91,406.15
1220b713c5617525b3b2ed04df90672877ec1cdf5b8037849abf9f81746f12f6e99f,unknown,2026-05-15T10:28:11.121542Z,2026-05-15T10:36:04.305Z,0.19,405.19,0.79,0.12,405.39,0.91,406.30
1220c73078166c9235f1597539ca5210afa22fde4b27d3df51b473208226afdcf29d,unknown,2026-05-15T10:28:26.423683Z,2026-05-15T10:36:04.385Z,0.19,404.77,0.79,0.12,404.96,0.91,405.87
12200e3553ebe7c4b937ff1ecef87f7a906b9c23c6e4154c5490ccd75953d14e00c5,unknown,2026-05-15T10:28:34.742019Z,2026-05-15T10:36:04.394Z,0.19,405.05,0.79,0.12,405.25,0.91,406.15
122097fa6d47e26cb69d0a0d2ff8686678d454b344d545164fe51a172d83806c357c,unknown,2026-05-15T10:28:43.842425Z,2026-05-15T10:36:04.396Z,0.19,405.19,0.79,0.12,405.39,0.91,406.30
1220796535e1988e42e2340483a732a8480806c396fbe8aa6f9dd70669379e3346a3,unknown,2026-05-15T10:28:44.751539Z,2026-05-15T10:36:04.400Z,0.19,404.77,0.79,0.12,404.96,0.91,405.87
1220f6527b26978e453efca75b1264bcdd23c678456cf51745284fb961576a2d3fc6,validator_liveness,2026-05-15T10:28:46.470097Z,2026-05-15T10:36:04.410Z,0.19,3.51,0.79,0.12,3.71,0.91,4.62
1220e358e8e387bd3db3f28479746a83d724abfe9cb5b5e2d9c6c4fd77061d5ba8b6,unknown,2026-05-15T10:28:54.755997Z,2026-05-15T10:36:04.498Z,0.19,405.08,0.79,0.12,405.27,0.91,406.18
1220e1946cbafa46475d6c0a85cbfa8cdaf9cc89f0ee1c2d675f3f088ab3b9131aab,unknown,2026-05-15T10:29:21.907276Z,2026-05-15T10:36:04.507Z,0.19,404.77,0.79,0.12,404.96,0.91,405.87
1220ecec345924fa8df6d15cdfcbce7c2ff4279ca6606d4ce0ec85694d92bd992249,unknown,2026-05-15T10:29:12.799698Z,2026-05-15T10:36:04.509Z,0.19,405.19,0.79,0.12,405.39,0.91,406.30
122067b197b9d226a68924ee1b98c4872c4e209e419a060dd22a7d4dd8ae815ee5a6,unknown,2026-05-15T10:29:35.635441Z,2026-05-15T10:36:04.511Z,0.19,405.05,0.79,0.12,405.25,0.91,406.15
122005e4881f35d124d644cfede3f3aa188111cb5b7b5886dda0750a6d519e159a65,unknown,2026-05-15T10:30:02.160098Z,2026-05-15T10:36:04.522Z,0.19,405.19,0.79,0.12,405.39,0.91,406.30
1220aa60d188a108c9b958d2d88b24002eaa74364db7b60e832cdd49d32ffc6c17ac,unknown,2026-05-15T10:30:03.070712Z,2026-05-15T10:36:04.611Z,0.19,405.08,0.79,0.12,405.27,0.91,406.18
12208f9b8d756ca44c761fc4aae47b091580f7cd1b85a83652e36fcc59bf95329738,unknown,2026-05-15T10:30:23.585012Z,2026-05-15T10:36:04.620Z,0.19,405.19,0.79,0.12,405.39,0.91,406.30
1220ddc14351a5fa8c66b0527e1d936b0d932817d9f68e22ea09c4bcf1a8623c82ac,unknown,2026-05-15T10:30:06.165085Z,2026-05-15T10:36:04.622Z,0.19,404.77,0.79,0.12,404.96,0.91,405.87
12204e43d616b2b9c3dbd4eba128e17a39fcf199035fae1aa20eb934818549396c11,unknown,2026-05-15T10:30:37.898765Z,2026-05-15T10:36:04.624Z,0.19,404.77,0.79,0.12,404.96,0.91,405.87
1220afd53a24d34d6950900031cbf76b768c0128a2cc9cfb8c611df8b9212133de37,unknown,2026-05-15T10:30:46.274595Z,2026-05-15T10:36:04.634Z,0.19,405.05,0.79,0.12,405.25,0.91,406.16
12208af94e753b077cb141f263095d38c14c13dfae389262d5d31a3b8287828c9bca,marker,2026-05-15T10:30:51.933752Z,2026-05-15T10:36:04.717Z,0.19,3.26,0.79,0.12,3.46,0.91,4.36
1220ada4cdbdda9da5f58be19716c5e10d29cc27bc571c5c176cd7593fd975b96e10,reward_coupon,2026-05-15T10:31:14.579527Z,2026-05-15T10:36:04.725Z,0.19,2.18,0.79,0.12,2.37,0.91,3.28
122008920098670be5406ffeda2fc2f5ce18715ae0ac2b187620897d354f7a462f09,unknown,2026-05-15T10:31:09.329855Z,2026-05-15T10:36:04.733Z,0.19,405.08,0.79,0.12,405.27,0.91,406.18
122010e104dd1a2d850aa9adb4e3c4503962f389e37bb1134fe0de4e972d6ad0243a,unknown,2026-05-15T10:31:19.171347Z,2026-05-15T10:36:04.735Z,0.19,405.19,0.79,0.12,405.39,0.91,406.30
1220150e8566657d4d3a7e72af87bdf8d1edd539db6b0b51b09cc5a5c6d14b1be1d0,unknown,2026-05-15T10:31:19.161196Z,2026-05-15T10:36:04.747Z,0.19,404.77,0.79,0.12,404.96,0.91,405.87
1220100caf789e3dfd597e8e5f03a165004fc3f8672d2df4e1b63776ffa6f7bf0fe5,unknown,2026-05-15T10:32:05.551112Z,2026-05-15T10:36:04.828Z,0.19,405.19,0.79,0.12,405.39,0.91,406.30
1220fcd8e923405ec17de08d861d8a4a29aac055f7a7568d1740e8182da4f2e5a744,unknown,2026-05-15T10:32:11.282664Z,2026-05-15T10:36:04.836Z,0.19,404.77,0.79,0.12,404.96,0.91,405.87
1220469d0b0286c269a6503b86b8d98ac0e87efe804bb3e35529614cd7e3a43e32fb,unknown,2026-05-15T10:32:17.310978Z,2026-05-15T10:36:04.845Z,0.19,405.05,0.79,0.12,405.25,0.91,406.16
1220a61f26927a1f7358a7813a2257627aaad40112a73ae642063ecc9d54a53052d1,unknown,2026-05-15T10:32:48.090067Z,2026-05-15T10:36:04.847Z,0.19,405.08,0.79,0.12,405.27,0.91,406.18
12208193d37a38427ef9446cfe7d724772a232c55f9493f3d1e24d4ab66ce3885b58,unknown,2026-05-15T10:33:03.197776Z,2026-05-15T10:36:04.860Z,0.19,404.77,0.79,0.12,404.96,0.91,405.87
1220aa40b2609b85a658d933b1d8a346e20f37db377099d590d6f834000f434cb69b,unknown,2026-05-15T10:33:04.681411Z,2026-05-15T10:36:04.944Z,0.19,405.19,0.79,0.12,405.39,0.91,406.29
12204e86b376f2717212dd68e6f6b37e00011ac932ceec31c8e36e5372bceab4bb44,unknown,2026-05-15T10:33:10.579868Z,2026-05-15T10:36:04.949Z,0.19,405.19,0.79,0.12,405.39,0.91,406.29
